domain,dataset,condition,n,silent_failure_rate,silent_failure_rate_ci95_low,silent_failure_rate_ci95_high,citation_valid_wrong_rate,citation_valid_wrong_rate_ci95_low,citation_valid_wrong_rate_ci95_high,abstention_failure_rate,abstention_failure_rate_ci95_low,abstention_failure_rate_ci95_high,abstention_rate,abstention_rate_ci95_low,abstention_rate_ci95_high,avg_correctness,avg_correctness_ci95_low,avg_correctness_ci95_high,avg_confidence,avg_confidence_ci95_low,avg_confidence_ci95_high,avg_danger_score,avg_danger_score_ci95_low,avg_danger_score_ci95_high,avg_citation_appearance,avg_citation_appearance_ci95_low,avg_citation_appearance_ci95_high,avg_citation_support,avg_citation_support_ci95_low,avg_citation_support_ci95_high,silent_failure_rate_display,silent_failure_rate_ci95_display,citation_valid_wrong_rate_display,citation_valid_wrong_rate_ci95_display,abstention_failure_rate_display,abstention_failure_rate_ci95_display,abstention_rate_display,abstention_rate_ci95_display,avg_correctness_display,avg_correctness_ci95_display,avg_confidence_display,avg_confidence_ci95_display,avg_danger_score_display,avg_danger_score_ci95_display,avg_citation_appearance_display,avg_citation_appearance_ci95_display,avg_citation_support_display,avg_citation_support_ci95_display
legal,cuad,missing,250,0.992,0.98,1.0,0.992,0.98,1.0,0.996,0.988,1.0,0.004,0.0,0.012,0.29214959696294934,0.2801421411458157,0.3037005334080577,99.6,98.8,100.0,0.9400509046188796,0.9347113354978414,0.9446798152204685,0.996,0.988,1.0,0.0,0.0,0.0,99.20%,"[98.00%, 100.00%]",99.20%,"[98.00%, 100.00%]",99.60%,"[98.80%, 100.00%]",0.40%,"[0.00%, 1.20%]",29.21%,"[28.01%, 30.37%]",99.60,"[98.80, 100.00]",94.01%,"[93.47%, 94.47%]",99.60%,"[98.80%, 100.00%]",0.00%,"[0.00%, 0.00%]"
legal,casehold,partial,250,0.772,0.716,0.824,0.928,0.892,0.96,0.972,0.948,0.992,0.028,0.008,0.048,0.21614817605251746,0.20146510127211478,0.23166969786655134,81.84,77.638,86.36,0.9099584184696562,0.8962655687470134,0.9241029608355719,0.96,0.932,0.98,0.0,0.0,0.0,77.20%,"[71.60%, 82.40%]",92.80%,"[89.20%, 96.00%]",97.20%,"[94.80%, 99.20%]",2.80%,"[0.80%, 4.80%]",21.61%,"[20.15%, 23.17%]",81.84,"[77.64, 86.36]",91.00%,"[89.63%, 92.41%]",96.00%,"[93.20%, 98.00%]",0.00%,"[0.00%, 0.00%]"
legal,casehold,missing,250,0.712,0.66,0.768,0.832,0.784,0.876,0.972,0.952,0.992,0.028,0.008,0.052,0.297940594272706,0.2792726773894455,0.31784697826174707,82.52,77.95899999999999,87.0,0.8810038928131457,0.8655354277861254,0.8954386752010638,0.942,0.91,0.968,0.0,0.0,0.0,71.20%,"[66.00%, 76.80%]",83.20%,"[78.40%, 87.60%]",97.20%,"[95.20%, 99.20%]",2.80%,"[0.80%, 5.20%]",29.79%,"[27.93%, 31.78%]",82.52,"[77.96, 87.00]",88.10%,"[86.55%, 89.54%]",94.20%,"[91.00%, 96.80%]",0.00%,"[0.00%, 0.00%]"
legal,cuad,partial,250,0.376,0.32,0.428,0.396,0.336,0.456,0.988,0.972,1.0,0.012,0.0,0.028,0.6153854683931904,0.5712104901153409,0.6576059244079427,94.7,91.7,97.0,0.8055277606769087,0.7887442363959619,0.8210732941689582,0.988,0.976,1.0,0.0,0.0,0.0,37.60%,"[32.00%, 42.80%]",39.60%,"[33.60%, 45.60%]",98.80%,"[97.20%, 100.00%]",1.20%,"[0.00%, 2.80%]",61.54%,"[57.12%, 65.76%]",94.70,"[91.70, 97.00]",80.55%,"[78.87%, 82.11%]",98.80%,"[97.60%, 100.00%]",0.00%,"[0.00%, 0.00%]"
finance,finqa,clean,250,0.376,0.316,0.44,0.012,0.0,0.028,0.0,0.0,0.0,0.088,0.056,0.124,0.4912,0.435995,0.5514050000000001,87.42,83.8995,90.76,0.6774065,0.654977975,0.6982182875,0.924,0.892,0.952,0.8726666666666667,0.8299833333333333,0.9106833333333334,37.60%,"[31.60%, 44.00%]",1.20%,"[0.00%, 2.80%]",0.00%,"[0.00%, 0.00%]",8.80%,"[5.60%, 12.40%]",49.12%,"[43.60%, 55.14%]",87.42,"[83.90, 90.76]",67.74%,"[65.50%, 69.82%]",92.40%,"[89.20%, 95.20%]",87.27%,"[83.00%, 91.07%]"
finance,finqa,noisy,250,0.36,0.296,0.42,0.02,0.004,0.04,0.0,0.0,0.0,0.12,0.084,0.164,0.46520000000000006,0.406595,0.523245,83.48,79.13850000000001,87.7015,0.6735935,0.6528352,0.695595025,0.92,0.884,0.952,0.8627333333333334,0.8202550000000001,0.9004066666666667,36.00%,"[29.60%, 42.00%]",2.00%,"[0.40%, 4.00%]",0.00%,"[0.00%, 0.00%]",12.00%,"[8.40%, 16.40%]",46.52%,"[40.66%, 52.32%]",83.48,"[79.14, 87.70]",67.36%,"[65.28%, 69.56%]",92.00%,"[88.40%, 95.20%]",86.27%,"[82.03%, 90.04%]"
finance,tatqa,missing,250,0.352,0.292,0.412,0.388,0.328,0.452,0.884,0.844,0.924,0.116,0.076,0.16,0.47298039997441615,0.4160091343270958,0.5304514474534808,84.76,80.48,88.76100000000001,0.7906495191858727,0.7686264209904398,0.8130422060732649,0.892,0.852,0.928,0.0,0.0,0.0,35.20%,"[29.20%, 41.20%]",38.80%,"[32.80%, 45.20%]",88.40%,"[84.40%, 92.40%]",11.60%,"[7.60%, 16.00%]",47.30%,"[41.60%, 53.05%]",84.76,"[80.48, 88.76]",79.06%,"[76.86%, 81.30%]",89.20%,"[85.20%, 92.80%]",0.00%,"[0.00%, 0.00%]"
medical,pubmedqa,clean,500,0.342,0.302,0.382,0.002,0.0,0.008,0.0,0.0,0.0,0.032,0.018,0.048,0.438,0.39,0.48,70.4,68.309,72.39075,0.65079,0.63550921875,0.6658627500000001,0.978,0.964,0.99,0.976,0.96,0.988,34.20%,"[30.20%, 38.20%]",0.20%,"[0.00%, 0.80%]",0.00%,"[0.00%, 0.00%]",3.20%,"[1.80%, 4.80%]",43.80%,"[39.00%, 48.00%]",70.40,"[68.31, 72.39]",65.08%,"[63.55%, 66.59%]",97.80%,"[96.40%, 99.00%]",97.60%,"[96.00%, 98.80%]"
general,hotpotqa,missing,250,0.336,0.27990000000000004,0.392,0.492,0.432,0.552,0.68,0.62,0.736,0.32,0.26,0.384,0.15848412698412698,0.11942154761904764,0.19862547619047619,47.72,41.876000000000005,54.12,0.7278305555555555,0.7011835694444444,0.7551246805555555,0.64,0.58,0.7,0.0,0.0,0.0,33.60%,"[27.99%, 39.20%]",49.20%,"[43.20%, 55.20%]",68.00%,"[62.00%, 73.60%]",32.00%,"[26.00%, 38.40%]",15.85%,"[11.94%, 19.86%]",47.72,"[41.88, 54.12]",72.78%,"[70.12%, 75.51%]",64.00%,"[58.00%, 70.00%]",0.00%,"[0.00%, 0.00%]"
medical,pubmedqa,noisy,500,0.334,0.292,0.376,0.002,0.0,0.006,0.0,0.0,0.0,0.032,0.018,0.048,0.442,0.398,0.486,68.04,65.8695,70.10024999999999,0.6431824999999999,0.6282015312500001,0.65764940625,0.98,0.966,0.992,0.977,0.964,0.989,33.40%,"[29.20%, 37.60%]",0.20%,"[0.00%, 0.60%]",0.00%,"[0.00%, 0.00%]",3.20%,"[1.80%, 4.80%]",44.20%,"[39.80%, 48.60%]",68.04,"[65.87, 70.10]",64.32%,"[62.82%, 65.76%]",98.00%,"[96.60%, 99.20%]",97.70%,"[96.40%, 98.90%]"
finance,finqa,stale,250,0.3,0.244,0.36,0.056,0.028,0.088,0.952,0.92,0.976,0.048,0.024,0.076,0.5448,0.48659,0.6062200000000001,88.3,84.839,91.3405,0.6724810000000001,0.652936775,0.6933468500000001,0.98,0.96,0.996,0.8736666666666666,0.833325,0.9133416666666666,30.00%,"[24.40%, 36.00%]",5.60%,"[2.80%, 8.80%]",95.20%,"[92.00%, 97.60%]",4.80%,"[2.40%, 7.60%]",54.48%,"[48.66%, 60.62%]",88.30,"[84.84, 91.34]",67.25%,"[65.29%, 69.33%]",98.00%,"[96.00%, 99.60%]",87.37%,"[83.33%, 91.33%]"
finance,finqa,partial,250,0.276,0.224,0.336,0.304,0.252,0.364,0.712,0.6559,0.768,0.288,0.232,0.344,0.35919999999999996,0.30457500000000004,0.41479999999999995,65.44,60.0585,70.7815,0.749984,0.7270808875000001,0.7732502625,0.764,0.716,0.82,0.0,0.0,0.0,27.60%,"[22.40%, 33.60%]",30.40%,"[25.20%, 36.40%]",71.20%,"[65.59%, 76.80%]",28.80%,"[23.20%, 34.40%]",35.92%,"[30.46%, 41.48%]",65.44,"[60.06, 70.78]",75.00%,"[72.71%, 77.33%]",76.40%,"[71.60%, 82.00%]",0.00%,"[0.00%, 0.00%]"
finance,finqa,contradictory,250,0.264,0.2119,0.324,0.016,0.004,0.032,0.892,0.852,0.928,0.108,0.072,0.148,0.4824,0.42357000000000006,0.5400050000000001,77.06,72.73949999999999,81.321,0.6564180000000001,0.6364031625,0.6761514375000001,0.976,0.956,0.992,0.895,0.8589749999999999,0.927,26.40%,"[21.19%, 32.40%]",1.60%,"[0.40%, 3.20%]",89.20%,"[85.20%, 92.80%]",10.80%,"[7.20%, 14.80%]",48.24%,"[42.36%, 54.00%]",77.06,"[72.74, 81.32]",65.64%,"[63.64%, 67.62%]",97.60%,"[95.60%, 99.20%]",89.50%,"[85.90%, 92.70%]"
finance,tatqa,partial,250,0.26,0.208,0.32,0.28,0.232,0.336,0.876,0.832,0.9120999999999999,0.124,0.0879,0.168,0.5542566863970091,0.489895935402508,0.610879594024473,83.92,79.59949999999999,88.08149999999999,0.7594006677490993,0.7395000398913479,0.779676666432671,0.872,0.828,0.912,0.0,0.0,0.0,26.00%,"[20.80%, 32.00%]",28.00%,"[23.20%, 33.60%]",87.60%,"[83.20%, 91.21%]",12.40%,"[8.79%, 16.80%]",55.43%,"[48.99%, 61.09%]",83.92,"[79.60, 88.08]",75.94%,"[73.95%, 77.97%]",87.20%,"[82.80%, 91.20%]",0.00%,"[0.00%, 0.00%]"
medical,pubmedqa,partial,500,0.258,0.21995,0.296,0.518,0.47395,0.56,0.862,0.83,0.89005,0.138,0.108,0.168,0.342,0.3,0.384,57.58,54.86875,60.071999999999996,0.7785475000000001,0.76162296875,0.7957828437500001,0.888,0.858,0.916,0.0,0.0,0.0,25.80%,"[22.00%, 29.60%]",51.80%,"[47.39%, 56.00%]",86.20%,"[83.00%, 89.00%]",13.80%,"[10.80%, 16.80%]",34.20%,"[30.00%, 38.40%]",57.58,"[54.87, 60.07]",77.85%,"[76.16%, 79.58%]",88.80%,"[85.80%, 91.60%]",0.00%,"[0.00%, 0.00%]"
finance,finqa,missing,250,0.244,0.192,0.3,0.296,0.2399,0.352,0.492,0.4319,0.556,0.508,0.448,0.572,0.15080000000000002,0.11318500000000001,0.19341,43.28,37.399499999999996,49.520500000000006,0.7064635,0.6818171250000001,0.7321404625000001,0.5253333333333332,0.464,0.5853333333333333,0.0,0.0,0.0,24.40%,"[19.20%, 30.00%]",29.60%,"[23.99%, 35.20%]",49.20%,"[43.19%, 55.60%]",50.80%,"[44.80%, 57.20%]",15.08%,"[11.32%, 19.34%]",43.28,"[37.40, 49.52]",70.65%,"[68.18%, 73.21%]",52.53%,"[46.40%, 58.53%]",0.00%,"[0.00%, 0.00%]"
medical,pubmedqa,stale,500,0.22,0.18595,0.256,0.018,0.008,0.03,0.976,0.962,0.988,0.024,0.012,0.038,0.576,0.534,0.62,67.05,64.94975000000001,69.2505,0.59464125,0.57964790625,0.610155,0.994,0.986,1.0,0.976,0.962,0.988,22.00%,"[18.59%, 25.60%]",1.80%,"[0.80%, 3.00%]",97.60%,"[96.20%, 98.80%]",2.40%,"[1.20%, 3.80%]",57.60%,"[53.40%, 62.00%]",67.05,"[64.95, 69.25]",59.46%,"[57.96%, 61.02%]",99.40%,"[98.60%, 100.00%]",97.60%,"[96.20%, 98.80%]"
finance,tatqa,stale,250,0.2,0.152,0.252,0.06,0.032,0.092,0.94,0.908,0.968,0.06,0.032,0.092,0.6971379289307861,0.6452449108083037,0.7456330291330291,92.96,89.6,95.84,0.6253993111179361,0.6056707689649877,0.6454158548679361,0.952,0.924,0.976,0.855,0.8169916666666667,0.8950166666666667,20.00%,"[15.20%, 25.20%]",6.00%,"[3.20%, 9.20%]",94.00%,"[90.80%, 96.80%]",6.00%,"[3.20%, 9.20%]",69.71%,"[64.52%, 74.56%]",92.96,"[89.60, 95.84]",62.54%,"[60.57%, 64.54%]",95.20%,"[92.40%, 97.60%]",85.50%,"[81.70%, 89.50%]"
general,hotpotqa,clean,250,0.2,0.152,0.252,0.02,0.004,0.04,0.0,0.0,0.0,0.02,0.004,0.04,0.721594017094017,0.6712402869352868,0.7693373901098901,94.74,91.96,97.12,0.5910520940170939,0.5724795833333333,0.6097370416666666,0.98,0.96,0.996,0.9215999999999999,0.8898266666666667,0.94934,20.00%,"[15.20%, 25.20%]",2.00%,"[0.40%, 4.00%]",0.00%,"[0.00%, 0.00%]",2.00%,"[0.40%, 4.00%]",72.16%,"[67.12%, 76.93%]",94.74,"[91.96, 97.12]",59.11%,"[57.25%, 60.97%]",98.00%,"[96.00%, 99.60%]",92.16%,"[88.98%, 94.93%]"
finance,tatqa,noisy,250,0.196,0.148,0.248,0.096,0.06,0.136,0.0,0.0,0.0,0.06,0.032,0.092,0.6987552663023251,0.647394957346575,0.7494298334018923,91.52,88.15599999999999,94.72,0.6359959396338956,0.6148077116927192,0.6561379852221308,0.952,0.924,0.976,0.7525999999999999,0.7032616666666667,0.798735,19.60%,"[14.80%, 24.80%]",9.60%,"[6.00%, 13.60%]",0.00%,"[0.00%, 0.00%]",6.00%,"[3.20%, 9.20%]",69.88%,"[64.74%, 74.94%]",91.52,"[88.16, 94.72]",63.60%,"[61.48%, 65.61%]",95.20%,"[92.40%, 97.60%]",75.26%,"[70.33%, 79.87%]"
general,hotpotqa,noisy,250,0.188,0.14,0.2360999999999999,0.0,0.0,0.0,0.0,0.0,0.0,0.032,0.012,0.056,0.7266242651278949,0.6756211397027051,0.7744368997316455,94.22,91.23949999999999,96.72,0.5783315072052366,0.5612431237105806,0.5944248266496811,0.968,0.944,0.988,0.966,0.94195,0.986,18.80%,"[14.00%, 23.61%]",0.00%,"[0.00%, 0.00%]",0.00%,"[0.00%, 0.00%]",3.20%,"[1.20%, 5.60%]",72.66%,"[67.56%, 77.44%]",94.22,"[91.24, 96.72]",57.83%,"[56.12%, 59.44%]",96.80%,"[94.40%, 98.80%]",96.60%,"[94.19%, 98.60%]"
finance,tatqa,clean,250,0.184,0.14,0.232,0.076,0.048,0.112,0.0,0.0,0.0,0.056,0.028,0.084,0.7208381043980788,0.6687353321121,0.774858770216932,93.32,90.3,96.1215,0.6282069966337062,0.6085448367017566,0.6488709450146729,0.944,0.916,0.972,0.78,0.7366333333333333,0.8213333333333332,18.40%,"[14.00%, 23.20%]",7.60%,"[4.80%, 11.20%]",0.00%,"[0.00%, 0.00%]",5.60%,"[2.80%, 8.40%]",72.08%,"[66.87%, 77.49%]",93.32,"[90.30, 96.12]",62.82%,"[60.85%, 64.89%]",94.40%,"[91.60%, 97.20%]",78.00%,"[73.66%, 82.13%]"
general,hotpotqa,partial,250,0.176,0.128,0.22,0.196,0.148,0.2440999999999999,0.968,0.948,0.988,0.032,0.012,0.056,0.7343368742368742,0.6803031746031747,0.7826728571428571,93.24,90.399,95.96,0.7192820940170941,0.7031284241452993,0.736437138888889,0.976,0.956,0.992,0.0,0.0,0.0,17.60%,"[12.80%, 22.00%]",19.60%,"[14.80%, 24.41%]",96.80%,"[94.80%, 98.80%]",3.20%,"[1.20%, 5.60%]",73.43%,"[68.03%, 78.27%]",93.24,"[90.40, 95.96]",71.93%,"[70.31%, 73.64%]",97.60%,"[95.60%, 99.20%]",0.00%,"[0.00%, 0.00%]"
general,fever,partial,250,0.168,0.124,0.216,0.208,0.156,0.264,0.96,0.932,0.984,0.04,0.02,0.064,0.748,0.692,0.8,79.78,74.7595,84.26050000000001,0.67645,0.65719875,0.6977550000000001,0.952,0.924,0.976,0.0,0.0,0.0,16.80%,"[12.40%, 21.60%]",20.80%,"[15.60%, 26.40%]",96.00%,"[93.20%, 98.40%]",4.00%,"[2.00%, 6.40%]",74.80%,"[69.20%, 80.00%]",79.78,"[74.76, 84.26]",67.64%,"[65.72%, 69.78%]",95.20%,"[92.40%, 97.60%]",0.00%,"[0.00%, 0.00%]"
medical,pubmedqa,contradictory,500,0.156,0.124,0.188,0.01,0.002,0.018,0.946,0.926,0.964,0.054,0.036,0.07404999999999995,0.532,0.48995,0.578,56.18,54.14,58.190749999999994,0.5822879999999999,0.5668264875,0.5980655625,0.996,0.99,1.0,0.9579333333333334,0.9411649999999999,0.9719333333333334,15.60%,"[12.40%, 18.80%]",1.00%,"[0.20%, 1.80%]",94.60%,"[92.60%, 96.40%]",5.40%,"[3.60%, 7.40%]",53.20%,"[48.99%, 57.80%]",56.18,"[54.14, 58.19]",58.23%,"[56.68%, 59.81%]",99.60%,"[99.00%, 100.00%]",95.79%,"[94.12%, 97.19%]"
general,fever,noisy,250,0.156,0.112,0.204,0.004,0.0,0.012,0.0,0.0,0.0,0.012,0.0,0.028,0.788,0.736,0.836,84.44,79.84,89.001,0.5422,0.5219975,0.5636024999999999,0.976,0.956,0.992,0.922,0.8933333333333333,0.9493333333333333,15.60%,"[11.20%, 20.40%]",0.40%,"[0.00%, 1.20%]",0.00%,"[0.00%, 0.00%]",1.20%,"[0.00%, 2.80%]",78.80%,"[73.60%, 83.60%]",84.44,"[79.84, 89.00]",54.22%,"[52.20%, 56.36%]",97.60%,"[95.60%, 99.20%]",92.20%,"[89.33%, 94.93%]"
general,fever,clean,250,0.152,0.108,0.196,0.012,0.0,0.028,0.0,0.0,0.0,0.016,0.004,0.032,0.792,0.736,0.844,85.9,81.69800000000001,90.18050000000001,0.5441500000000001,0.5254500000000001,0.56255375,0.988,0.972,1.0,0.9333333333333333,0.904,0.9566666666666667,15.20%,"[10.80%, 19.60%]",1.20%,"[0.00%, 2.80%]",0.00%,"[0.00%, 0.00%]",1.60%,"[0.40%, 3.20%]",79.20%,"[73.60%, 84.40%]",85.90,"[81.70, 90.18]",54.42%,"[52.55%, 56.26%]",98.80%,"[97.20%, 100.00%]",93.33%,"[90.40%, 95.67%]"
finance,tatqa,contradictory,250,0.144,0.1,0.1880999999999999,0.036,0.016,0.06,0.936,0.904,0.964,0.064,0.036,0.096,0.6932128031556604,0.6414869714519714,0.7471237198515771,83.6,79.079,88.002,0.6007317948402949,0.5828884601351352,0.6198473073710076,0.956,0.928,0.98,0.875,0.8363083333333332,0.9106666666666667,14.40%,"[10.00%, 18.81%]",3.60%,"[1.60%, 6.00%]",93.60%,"[90.40%, 96.40%]",6.40%,"[3.60%, 9.60%]",69.32%,"[64.15%, 74.71%]",83.60,"[79.08, 88.00]",60.07%,"[58.29%, 61.98%]",95.60%,"[92.80%, 98.00%]",87.50%,"[83.63%, 91.07%]"
general,hotpotqa,stale,250,0.144,0.1039,0.188,0.0,0.0,0.0,0.984,0.968,0.996,0.016,0.004,0.032,0.7725273504273504,0.7229955830280831,0.8161307142857143,92.76,89.6595,95.2805,0.5599154273504273,0.5445525908119658,0.5746836356837607,0.992,0.98,1.0,0.992,0.98,1.0,14.40%,"[10.39%, 18.80%]",0.00%,"[0.00%, 0.00%]",98.40%,"[96.80%, 99.60%]",1.60%,"[0.40%, 3.20%]",77.25%,"[72.30%, 81.61%]",92.76,"[89.66, 95.28]",55.99%,"[54.46%, 57.47%]",99.20%,"[98.00%, 100.00%]",99.20%,"[98.00%, 100.00%]"
general,fever,stale,250,0.136,0.096,0.18,0.0,0.0,0.0,0.984,0.968,0.996,0.016,0.004,0.032,0.82,0.772,0.868,87.76,84.039,91.4,0.537,0.5191949999999999,0.5541562500000001,0.996,0.988,1.0,0.9546666666666668,0.9363333333333334,0.973,13.60%,"[9.60%, 18.00%]",0.00%,"[0.00%, 0.00%]",98.40%,"[96.80%, 99.60%]",1.60%,"[0.40%, 3.20%]",82.00%,"[77.20%, 86.80%]",87.76,"[84.04, 91.40]",53.70%,"[51.92%, 55.42%]",99.60%,"[98.80%, 100.00%]",95.47%,"[93.63%, 97.30%]"
general,hotpotqa,contradictory,250,0.124,0.088,0.164,0.004,0.0,0.012,0.964,0.936,0.988,0.036,0.016,0.064,0.7561991452991453,0.7075331929181929,0.801086388888889,76.54,71.598,80.74,0.5264802991452991,0.5083039177350427,0.5455905224358975,0.996,0.988,1.0,0.9733333333333334,0.95465,0.99,12.40%,"[8.80%, 16.40%]",0.40%,"[0.00%, 1.20%]",96.40%,"[93.60%, 98.80%]",3.60%,"[1.60%, 6.40%]",75.62%,"[70.75%, 80.11%]",76.54,"[71.60, 80.74]",52.65%,"[50.83%, 54.56%]",99.60%,"[98.80%, 100.00%]",97.33%,"[95.47%, 99.00%]"
legal,cuad,noisy,250,0.104,0.068,0.14,0.052,0.028,0.08,0.0,0.0,0.0,0.028,0.008,0.048,0.8596990703937045,0.8227400822895145,0.8963237479117349,94.8,92.0,97.4,0.5683495916303136,0.5544829671126492,0.5823090227488269,0.976,0.956,0.992,0.9228,0.8867799999999999,0.95402,10.40%,"[6.80%, 14.00%]",5.20%,"[2.80%, 8.00%]",0.00%,"[0.00%, 0.00%]",2.80%,"[0.80%, 4.80%]",85.97%,"[82.27%, 89.63%]",94.80,"[92.00, 97.40]",56.83%,"[55.45%, 58.23%]",97.60%,"[95.60%, 99.20%]",92.28%,"[88.68%, 95.40%]"
legal,cuad,clean,250,0.088,0.056,0.124,0.048,0.024,0.076,0.0,0.0,0.0,0.04,0.016,0.068,0.8538564277773959,0.8183461523617596,0.8890207978225426,93.2,90.0,96.4,0.5653891264281706,0.551004075297595,0.5793421091071386,0.956,0.932,0.98,0.9,0.8613333333333333,0.9333333333333332,8.80%,"[5.60%, 12.40%]",4.80%,"[2.40%, 7.60%]",0.00%,"[0.00%, 0.00%]",4.00%,"[1.60%, 6.80%]",85.39%,"[81.83%, 88.90%]",93.20,"[90.00, 96.40]",56.54%,"[55.10%, 57.93%]",95.60%,"[93.20%, 98.00%]",90.00%,"[86.13%, 93.33%]"
general,fever,contradictory,250,0.064,0.036,0.096,0.016,0.004,0.032,0.976,0.956,0.992,0.024,0.008,0.044,0.796,0.744,0.844,60.6,54.757,65.881,0.48210000000000003,0.46169750000000004,0.502405,1.0,1.0,1.0,0.9226666666666666,0.8946666666666667,0.9493333333333333,6.40%,"[3.60%, 9.60%]",1.60%,"[0.40%, 3.20%]",97.60%,"[95.60%, 99.20%]",2.40%,"[0.80%, 4.40%]",79.60%,"[74.40%, 84.40%]",60.60,"[54.76, 65.88]",48.21%,"[46.17%, 50.24%]",100.00%,"[100.00%, 100.00%]",92.27%,"[89.47%, 94.93%]"
legal,cuad,stale,250,0.048,0.024,0.076,0.04,0.019900000000000004,0.064,0.968,0.944,0.988,0.032,0.012,0.056,0.8994054147614778,0.868268302017743,0.9292980925623078,95.0,92.0,97.6,0.5527285100751569,0.5424680768309452,0.5649536453988939,0.964,0.94,0.984,0.918,0.881975,0.9480249999999999,4.80%,"[2.40%, 7.60%]",4.00%,"[1.99%, 6.40%]",96.80%,"[94.40%, 98.80%]",3.20%,"[1.20%, 5.60%]",89.94%,"[86.83%, 92.93%]",95.00,"[92.00, 97.60]",55.27%,"[54.25%, 56.50%]",96.40%,"[94.00%, 98.40%]",91.80%,"[88.20%, 94.80%]"
legal,casehold,noisy,250,0.044,0.02,0.072,0.004,0.0,0.012,0.0,0.0,0.0,0.0,0.0,0.0,0.9464550204259372,0.9243585061655847,0.9655745262946152,99.6,98.4,100.0,0.5442577799934681,0.5368464155497042,0.5528600742664954,1.0,1.0,1.0,0.996,0.988,1.0,4.40%,"[2.00%, 7.20%]",0.40%,"[0.00%, 1.20%]",0.00%,"[0.00%, 0.00%]",0.00%,"[0.00%, 0.00%]",94.65%,"[92.44%, 96.56%]",99.60,"[98.40, 100.00]",54.43%,"[53.68%, 55.29%]",100.00%,"[100.00%, 100.00%]",99.60%,"[98.80%, 100.00%]"
general,fever,missing,250,0.04,0.02,0.068,0.12,0.08,0.16,0.728,0.672,0.78,0.272,0.22,0.328,0.388,0.328,0.448,30.52,24.918000000000003,36.52,0.5697,0.5480975,0.5901025000000001,0.376,0.3119,0.44,0.0,0.0,0.0,4.00%,"[2.00%, 6.80%]",12.00%,"[8.00%, 16.00%]",72.80%,"[67.20%, 78.00%]",27.20%,"[22.00%, 32.80%]",38.80%,"[32.80%, 44.80%]",30.52,"[24.92, 36.52]",56.97%,"[54.81%, 59.01%]",37.60%,"[31.19%, 44.00%]",0.00%,"[0.00%, 0.00%]"
legal,casehold,stale,250,0.04,0.016,0.064,0.012,0.0,0.028,0.996,0.988,1.0,0.004,0.0,0.012,0.92105864874487,0.889813146352483,0.9486284288055845,95.96,93.679,98.081,0.5451909465862604,0.5383448404839468,0.5539054121721719,0.972,0.952,0.988,0.958,0.934,0.982,4.00%,"[1.60%, 6.40%]",1.20%,"[0.00%, 2.80%]",99.60%,"[98.80%, 100.00%]",0.40%,"[0.00%, 1.20%]",92.11%,"[88.98%, 94.86%]",95.96,"[93.68, 98.08]",54.52%,"[53.83%, 55.39%]",97.20%,"[95.20%, 98.80%]",95.80%,"[93.40%, 98.20%]"
legal,casehold,clean,250,0.036,0.016,0.06,0.012,0.0,0.028,0.0,0.0,0.0,0.0,0.0,0.0,0.9573676279168648,0.9405416490447612,0.9719948803040677,100.0,100.0,100.0,0.5447623967405523,0.5371789508550276,0.5528015603395945,1.0,1.0,1.0,0.974,0.952,0.992,3.60%,"[1.60%, 6.00%]",1.20%,"[0.00%, 2.80%]",0.00%,"[0.00%, 0.00%]",0.00%,"[0.00%, 0.00%]",95.74%,"[94.05%, 97.20%]",100.00,"[100.00, 100.00]",54.48%,"[53.72%, 55.28%]",100.00%,"[100.00%, 100.00%]",97.40%,"[95.20%, 99.20%]"
legal,cuad,contradictory,250,0.036,0.016,0.06,0.036,0.015900000000000004,0.06,0.94,0.912,0.968,0.06,0.032,0.092,0.8868146121536977,0.8491993986404884,0.9200628724307277,85.04,81.44,88.66,0.5296881300335161,0.517434743245242,0.54186067796219,0.964,0.936,0.984,0.909,0.873975,0.943,3.60%,"[1.60%, 6.00%]",3.60%,"[1.59%, 6.00%]",94.00%,"[91.20%, 96.80%]",6.00%,"[3.20%, 9.20%]",88.68%,"[84.92%, 92.01%]",85.04,"[81.44, 88.66]",52.97%,"[51.74%, 54.19%]",96.40%,"[93.60%, 98.40%]",90.90%,"[87.40%, 94.30%]"
legal,casehold,contradictory,250,0.032,0.012,0.056,0.04,0.016,0.068,0.992,0.98,1.0,0.008,0.0,0.02,0.91073013207713,0.881767353812519,0.9382544861242363,85.52,81.918,89.2,0.5255716764616547,0.5143242663267572,0.5378478001048508,0.984,0.968,0.996,0.942,0.91,0.97,3.20%,"[1.20%, 5.60%]",4.00%,"[1.60%, 6.80%]",99.20%,"[98.00%, 100.00%]",0.80%,"[0.00%, 2.00%]",91.07%,"[88.18%, 93.83%]",85.52,"[81.92, 89.20]",52.56%,"[51.43%, 53.78%]",98.40%,"[96.80%, 99.60%]",94.20%,"[91.00%, 97.00%]"
medical,pubmedqa,missing,500,0.022,0.01,0.036,0.102,0.076,0.13,0.242,0.204,0.278,0.758,0.72,0.798,0.058,0.039950000000000006,0.08,7.78,5.978000000000001,9.72,0.5706525000000001,0.5587714375,0.5824235625000002,0.138,0.108,0.168,0.0,0.0,0.0,2.20%,"[1.00%, 3.60%]",10.20%,"[7.60%, 13.00%]",24.20%,"[20.40%, 27.80%]",75.80%,"[72.00%, 79.80%]",5.80%,"[4.00%, 8.00%]",7.78,"[5.98, 9.72]",57.07%,"[55.88%, 58.24%]",13.80%,"[10.80%, 16.80%]",0.00%,"[0.00%, 0.00%]"
