domain,dataset,condition,n,silent_failure_rate,silent_failure_rate_ci95_low,silent_failure_rate_ci95_high,citation_valid_wrong_rate,abstention_failure_rate,avg_correctness,avg_confidence,avg_danger_score,avg_citation_appearance,avg_citation_support,silent_failure_rate_display,silent_failure_rate_ci95_display,citation_valid_wrong_rate_display,abstention_failure_rate_display,avg_correctness_display,avg_confidence_display,avg_danger_score_display,avg_citation_appearance_display,avg_citation_support_display
legal,cuad,missing,250,0.992,0.98,1.0,0.992,0.996,0.29214959696294934,99.6,0.9400509046188796,0.996,0.0,99.20%,"[98.00%, 100.00%]",99.20%,99.60%,29.21%,99.60,94.01%,99.60%,0.00%
legal,casehold,partial,250,0.772,0.716,0.824,0.928,0.972,0.21614817605251746,81.84,0.9099584184696562,0.96,0.0,77.20%,"[71.60%, 82.40%]",92.80%,97.20%,21.61%,81.84,91.00%,96.00%,0.00%
legal,casehold,missing,250,0.712,0.66,0.768,0.832,0.972,0.297940594272706,82.52,0.8810038928131457,0.942,0.0,71.20%,"[66.00%, 76.80%]",83.20%,97.20%,29.79%,82.52,88.10%,94.20%,0.00%
legal,cuad,partial,250,0.376,0.32,0.428,0.396,0.988,0.6153854683931904,94.7,0.8055277606769087,0.988,0.0,37.60%,"[32.00%, 42.80%]",39.60%,98.80%,61.54%,94.70,80.55%,98.80%,0.00%
finance,finqa,clean,250,0.376,0.316,0.44,0.012,0.0,0.4912,87.42,0.6774065,0.924,0.8726666666666667,37.60%,"[31.60%, 44.00%]",1.20%,0.00%,49.12%,87.42,67.74%,92.40%,87.27%
finance,finqa,noisy,250,0.36,0.296,0.42,0.02,0.0,0.46520000000000006,83.48,0.6735935,0.92,0.8627333333333334,36.00%,"[29.60%, 42.00%]",2.00%,0.00%,46.52%,83.48,67.36%,92.00%,86.27%
finance,tatqa,missing,250,0.352,0.292,0.412,0.388,0.884,0.47298039997441615,84.76,0.7906495191858727,0.892,0.0,35.20%,"[29.20%, 41.20%]",38.80%,88.40%,47.30%,84.76,79.06%,89.20%,0.00%
medical,pubmedqa,clean,500,0.342,0.302,0.382,0.002,0.0,0.438,70.4,0.65079,0.978,0.976,34.20%,"[30.20%, 38.20%]",0.20%,0.00%,43.80%,70.40,65.08%,97.80%,97.60%
general,hotpotqa,missing,250,0.336,0.27990000000000004,0.392,0.492,0.68,0.15848412698412698,47.72,0.7278305555555555,0.64,0.0,33.60%,"[27.99%, 39.20%]",49.20%,68.00%,15.85%,47.72,72.78%,64.00%,0.00%
medical,pubmedqa,noisy,500,0.334,0.292,0.376,0.002,0.0,0.442,68.04,0.6431824999999999,0.98,0.977,33.40%,"[29.20%, 37.60%]",0.20%,0.00%,44.20%,68.04,64.32%,98.00%,97.70%
finance,finqa,stale,250,0.3,0.244,0.36,0.056,0.952,0.5448,88.3,0.6724810000000001,0.98,0.8736666666666666,30.00%,"[24.40%, 36.00%]",5.60%,95.20%,54.48%,88.30,67.25%,98.00%,87.37%
finance,finqa,partial,250,0.276,0.224,0.336,0.304,0.712,0.35919999999999996,65.44,0.749984,0.764,0.0,27.60%,"[22.40%, 33.60%]",30.40%,71.20%,35.92%,65.44,75.00%,76.40%,0.00%
finance,finqa,contradictory,250,0.264,0.2119,0.324,0.016,0.892,0.4824,77.06,0.6564180000000001,0.976,0.895,26.40%,"[21.19%, 32.40%]",1.60%,89.20%,48.24%,77.06,65.64%,97.60%,89.50%
finance,tatqa,partial,250,0.26,0.208,0.32,0.28,0.876,0.5542566863970091,83.92,0.7594006677490993,0.872,0.0,26.00%,"[20.80%, 32.00%]",28.00%,87.60%,55.43%,83.92,75.94%,87.20%,0.00%
medical,pubmedqa,partial,500,0.258,0.21995,0.296,0.518,0.862,0.342,57.58,0.7785475000000001,0.888,0.0,25.80%,"[22.00%, 29.60%]",51.80%,86.20%,34.20%,57.58,77.85%,88.80%,0.00%
finance,finqa,missing,250,0.244,0.192,0.3,0.296,0.492,0.15080000000000002,43.28,0.7064635,0.5253333333333332,0.0,24.40%,"[19.20%, 30.00%]",29.60%,49.20%,15.08%,43.28,70.65%,52.53%,0.00%
medical,pubmedqa,stale,500,0.22,0.18595,0.256,0.018,0.976,0.576,67.05,0.59464125,0.994,0.976,22.00%,"[18.59%, 25.60%]",1.80%,97.60%,57.60%,67.05,59.46%,99.40%,97.60%
finance,tatqa,stale,250,0.2,0.152,0.252,0.06,0.94,0.6971379289307861,92.96,0.6253993111179361,0.952,0.855,20.00%,"[15.20%, 25.20%]",6.00%,94.00%,69.71%,92.96,62.54%,95.20%,85.50%
general,hotpotqa,clean,250,0.2,0.152,0.252,0.02,0.0,0.721594017094017,94.74,0.5910520940170939,0.98,0.9215999999999999,20.00%,"[15.20%, 25.20%]",2.00%,0.00%,72.16%,94.74,59.11%,98.00%,92.16%
finance,tatqa,noisy,250,0.196,0.148,0.248,0.096,0.0,0.6987552663023251,91.52,0.6359959396338956,0.952,0.7525999999999999,19.60%,"[14.80%, 24.80%]",9.60%,0.00%,69.88%,91.52,63.60%,95.20%,75.26%
general,hotpotqa,noisy,250,0.188,0.14,0.2360999999999999,0.0,0.0,0.7266242651278949,94.22,0.5783315072052366,0.968,0.966,18.80%,"[14.00%, 23.61%]",0.00%,0.00%,72.66%,94.22,57.83%,96.80%,96.60%
finance,tatqa,clean,250,0.184,0.14,0.232,0.076,0.0,0.7208381043980788,93.32,0.6282069966337062,0.944,0.78,18.40%,"[14.00%, 23.20%]",7.60%,0.00%,72.08%,93.32,62.82%,94.40%,78.00%
general,hotpotqa,partial,250,0.176,0.128,0.22,0.196,0.968,0.7343368742368742,93.24,0.7192820940170941,0.976,0.0,17.60%,"[12.80%, 22.00%]",19.60%,96.80%,73.43%,93.24,71.93%,97.60%,0.00%
general,fever,partial,250,0.168,0.124,0.216,0.208,0.96,0.748,79.78,0.67645,0.952,0.0,16.80%,"[12.40%, 21.60%]",20.80%,96.00%,74.80%,79.78,67.64%,95.20%,0.00%
medical,pubmedqa,contradictory,500,0.156,0.124,0.188,0.01,0.946,0.532,56.18,0.5822879999999999,0.996,0.9579333333333334,15.60%,"[12.40%, 18.80%]",1.00%,94.60%,53.20%,56.18,58.23%,99.60%,95.79%
