model_tag,condition,n,silent_failure_rate,citation_valid_wrong_rate,nli_faithful_rate,nli_unfaithful_rate,nli_contradicted_rate,avg_entailment,avg_neutral,avg_contradiction,avg_correctness,avg_confidence,avg_danger_score
mistral_7b,clean,1612,0.2866004962779156,0.01054590570719603,0.4627791563275434,0.5372208436724566,0.09925558312655088,0.4587377553337592,0.4110685205683586,0.13019372347514685,0.6027876763186587,84.78753101736973,0.6258800271029421
mistral_7b,contradictory,1486,0.26783310901749663,0.010767160161507403,0.4676985195154778,0.5323014804845222,0.1063257065948856,0.46651642302691704,0.39414415732095043,0.13933941868959088,0.6259515870272522,84.23761776581426,0.6143959831779138
mistral_7b,missing,1228,0.494299674267101,0.752442996742671,0.3745928338762215,0.6254071661237784,0.1734527687296417,0.41606515205538913,0.3713682895723096,0.2125665587194378,0.29793116613792653,65.27198697068404,0.8333016629506518
mistral_7b,noisy,1651,0.28043609933373714,0.012719563900666263,0.47849788007268323,0.5215021199273168,0.0950938824954573,0.47550727759773076,0.3961013183109113,0.12839140425476953,0.6220656865532824,86.11168988491823,0.6213455982001367
mistral_7b,partial,1505,0.31561461794019935,0.4983388704318937,0.3740863787375415,0.6259136212624584,0.10232558139534884,0.3940315329573586,0.4782552565199685,0.12771321033575087,0.5005025233246231,75.65627906976744,0.7819843336548356
mistral_7b,stale,1611,0.2576039726877716,0.01303538175046555,0.4767225325884544,0.5232774674115456,0.1005586592178771,0.47139864425798667,0.3938447332967444,0.13475662323914772,0.6265535020757858,83.78330229671012,0.6136330521862712
qwen_3b,clean,1983,0.3827534039334342,0.05345436207766011,0.41250630358043366,0.5874936964195663,0.16137165910237014,0.4226319554728992,0.3935590360735872,0.18380900814139953,0.522710320648496,88.13918305597579,0.676848790637805
qwen_3b,contradictory,1985,0.3662468513853904,0.09168765743073048,0.45591939546599497,0.5440806045340051,0.1566750629722922,0.4650889878935252,0.3535959631342427,0.18131504746095886,0.5713625646415141,90.54811083123425,0.6768179916611464
qwen_3b,missing,1924,0.5712058212058212,0.7832640332640333,0.21725571725571727,0.7827442827442828,0.25,0.25634273304017074,0.4635437850652455,0.28011348253828655,0.24474278281280926,73.58627858627858,0.8730483740594386
qwen_3b,noisy,1981,0.39424533064109035,0.04644119131751641,0.42453306410903585,0.5754669358909642,0.15042907622412924,0.42987318988448714,0.3893126881813195,0.18081412159105908,0.52498932519773,89.42958101968702,0.6782139769261422
qwen_3b,partial,1980,0.4388888888888889,0.5838383838383838,0.31363636363636366,0.6863636363636364,0.17424242424242425,0.33615254279703183,0.464507548182008,0.19933990959373224,0.4039806233434955,81.0959595959596,0.8344722122392795
qwen_3b,stale,1979,0.33804951995957555,0.07427993936331481,0.4845881758463871,0.515411824153613,0.1328954017180394,0.48384032483866374,0.3600592661396687,0.15610040858372767,0.5838099861597023,88.38352703385549,0.6610812695165592
qwen_7b,clean,1923,0.22360894435777431,0.02392095683827353,0.4264170566822673,0.5735829433177327,0.11076443057722309,0.4410230111948784,0.42372725081961315,0.13524973751688074,0.7035849573397482,90.27301092043682,0.6089152061463774
qwen_7b,contradictory,1896,0.12869198312236288,0.022151898734177215,0.4356540084388186,0.5643459915611815,0.11339662447257384,0.45138566349639486,0.40949847205302076,0.13911586268119122,0.7369042247197695,76.41350210970464,0.559068167489685
qwen_7b,missing,1148,0.5923344947735192,0.7238675958188153,0.38414634146341464,0.6158536585365854,0.17247386759581881,0.41809377669965103,0.3821026370045323,0.19980358486645852,0.3629361326727624,85.31358885017421,0.8626453029304387
qwen_7b,noisy,1916,0.22390396659707723,0.02348643006263048,0.4311064718162839,0.5688935281837161,0.11325678496868476,0.4463041546927218,0.41957473669594614,0.13412110858532697,0.6999664856549302,89.24060542797494,0.6067403860207351
qwen_7b,partial,1790,0.3553072625698324,0.46759776536312847,0.3541899441340782,0.6458100558659218,0.11452513966480447,0.3742288099529024,0.4938180444901939,0.13195314601984964,0.5446377289146879,85.48603351955308,0.7979756190902639
qwen_7b,stale,1935,0.16899224806201552,0.02635658914728682,0.42377260981912146,0.5762273901808785,0.11266149870801033,0.4424819612172276,0.42284035268468295,0.13467768574144343,0.749699668486511,88.68733850129199,0.5861487088638272
