model_tag,domain,n,silent_failure_rate,citation_valid_wrong_rate,nli_faithful_rate,nli_unfaithful_rate,nli_contradicted_rate,avg_entailment,avg_neutral,avg_contradiction,avg_correctness,avg_confidence,avg_danger_score
mistral_7b,finance,2632,0.47074468085106386,0.2378419452887538,0.4593465045592705,0.5406534954407295,0.22492401215805471,0.4587855624376197,0.2569755960931176,0.28423884054150067,0.3337828620064319,82.58738601823708,0.7687440270807181
mistral_7b,general,2648,0.2681268882175227,0.11782477341389729,0.3330815709969788,0.6669184290030211,0.12651057401812688,0.36539708976426777,0.4816521528566304,0.15295075789343063,0.6669763641639604,90.01510574018127,0.635827532361345
mistral_7b,legal,1844,0.294468546637744,0.24837310195227766,0.7955531453362256,0.2044468546637744,0.014642082429501085,0.755693352817032,0.21713978528053196,0.027166861146746497,0.7124250528229773,95.74837310195228,0.6680593376775854
mistral_7b,medical,1969,0.1665820213306247,0.1792788217369223,0.2356526155408837,0.7643473844591163,0.025393600812595226,0.26031804196451397,0.6909201633956836,0.04876179551990869,0.558151345860843,51.15622143219909,0.6082221051295074
qwen_3b,finance,2953,0.4151710125296309,0.295292922451744,0.28073145953267864,0.7192685404673214,0.36877751439214357,0.3319365457543774,0.27688103089308697,0.3911824226811862,0.35944157891969086,78.39315949881477,0.771170324656093
qwen_3b,general,2977,0.45582801477997986,0.21229425596237822,0.403426268055089,0.596573731944911,0.2136378904937857,0.39052498159458077,0.37298064186150315,0.23649437494257972,0.48454536729645903,92.78736983540477,0.7244643784163435
qwen_3b,legal,2921,0.3228346456692913,0.3327627524820267,0.7428962684012325,0.25710373159876754,0.011297500855871277,0.7172652833952541,0.24659234304309463,0.036142372390523425,0.561074043083426,84.28106812735365,0.7089979337950486
qwen_3b,medical,2981,0.4622609862462261,0.2395169406239517,0.12143575981214358,0.8785642401878564,0.0872190540087219,0.16478754484348282,0.7143224344585848,0.12089002317290015,0.5011741026501174,85.4850721234485,0.7261044112713854
qwen_7b,finance,2588,0.30486862442040186,0.15842349304482226,0.3075734157650695,0.6924265842349304,0.28632148377125194,0.3493019966051447,0.3185137299384178,0.3321842721549294,0.6115515059078704,94.09389489953632,0.7026705688911132
qwen_7b,general,2685,0.17541899441340783,0.09981378026070764,0.2774674115456238,0.7225325884543762,0.162756052141527,0.31674588914022794,0.5029192224644415,0.18033488924488042,0.7489539831628873,85.7001862197393,0.5967031636211086
qwen_7b,legal,2912,0.2815934065934066,0.29120879120879123,0.8063186813186813,0.1936813186813187,0.01098901098901099,0.7730587238512561,0.20471273705510068,0.02222853734679365,0.7417185443176393,94.89869505494505,0.6619705554842029
qwen_7b,medical,2423,0.27486586875773833,0.13454395377631037,0.1972761040033017,0.8027238959966984,0.02311184482047049,0.2309012653404524,0.7284980914195145,0.04060064339107738,0.48699958728848536,66.88609162195625,0.6595233182005779
