domain,predictor,n,silent_failure_prevalence,roc_auc,roc_auc_ci95_low,roc_auc_ci95_high,pr_auc,pr_auc_ci95_low,pr_auc_ci95_high,silent_failure_prevalence_display,roc_auc_display,pr_auc_display,roc_auc_ci95_display,pr_auc_ci95_display
legal,Danger Score,3000,0.2733333333333333,0.9974407026180354,0.99655037548415,0.9981752622362461,0.9936791712302643,0.9913814327880496,0.9954955197911564,0.273,0.997,0.994,"[0.997, 0.998]","[0.991, 0.995]"
general,Danger Score,3000,0.157,0.9942979904446005,0.9923263518100497,0.9961695100386806,0.9677375716195227,0.9555878035599014,0.9791876416417447,0.157,0.994,0.968,"[0.992, 0.996]","[0.956, 0.979]"
finance,Danger Score,3000,0.263,0.991222307634543,0.9884974307094307,0.9937593462916348,0.9746398012729365,0.9663213600643382,0.9816603257517533,0.263,0.991,0.975,"[0.988, 0.994]","[0.966, 0.982]"
medical,Danger Score,3000,0.222,0.9443620998890921,0.9363359245113573,0.9528574249646387,0.7811665079236811,0.7507147216767605,0.8074438378175967,0.222,0.944,0.781,"[0.936, 0.953]","[0.751, 0.807]"
legal,Incorrectness only (1 - correctness),3000,0.2733333333333333,0.9358998098008503,0.926714427326886,0.9455725609519131,0.6839891528070254,0.651971785018642,0.7228383507189748,0.273,0.936,0.684,"[0.927, 0.946]","[0.652, 0.723]"
general,Incorrectness only (1 - correctness),3000,0.157,0.9081982338210096,0.9002848863114092,0.9166222216973186,0.5029878401617311,0.46976562759770074,0.5349690148025406,0.157,0.908,0.503,"[0.900, 0.917]","[0.470, 0.535]"
finance,Incorrectness only (1 - correctness),3000,0.263,0.8806454534563042,0.8714721981918976,0.8898984977512612,0.599057066299604,0.5721428508957432,0.6253363092611042,0.263,0.881,0.599,"[0.871, 0.890]","[0.572, 0.625]"
legal,Citation misgrounding only (1 - citation support),3000,0.2733333333333333,0.8796176437681809,0.8687439689153432,0.8911841913732473,0.6486147706225264,0.6211195185614694,0.6752965410939872,0.273,0.880,0.649,"[0.869, 0.891]","[0.621, 0.675]"
medical,Confidence only,3000,0.222,0.7774722022794002,0.7616680755119458,0.7929545979499176,0.388555739362329,0.3621784727080141,0.41619910156763285,0.222,0.777,0.389,"[0.762, 0.793]","[0.362, 0.416]"
medical,Incorrectness only (1 - correctness),3000,0.222,0.7557840616966581,0.7450838744588745,0.7663572114813936,0.3687707641196013,0.34506866197183095,0.3887355503876966,0.222,0.756,0.369,"[0.745, 0.766]","[0.345, 0.389]"
legal,Abstention failure indicator only,3000,0.2733333333333333,0.682389796375028,0.6694249493599828,0.6963848980364284,0.3752428550052372,0.35384455886901217,0.3965217423378944,0.273,0.682,0.375,"[0.669, 0.696]","[0.354, 0.397]"
general,Confidence only,3000,0.157,0.6392181900149351,0.6278696861671472,0.650524464081624,0.20513888437434455,0.18833592370844457,0.2221190442309856,0.157,0.639,0.205,"[0.628, 0.651]","[0.188, 0.222]"
finance,Confidence only,3000,0.263,0.6140357665526499,0.6001038429848785,0.6274371854496703,0.3159139771126405,0.296582160809199,0.33550359676889385,0.263,0.614,0.316,"[0.600, 0.627]","[0.297, 0.336]"
medical,No-abstention indicator only,3000,0.222,0.6111825192802056,0.6027858389553639,0.6199530272390924,0.26844014510278114,0.25048962060301105,0.2858876759725622,0.222,0.611,0.268,"[0.603, 0.620]","[0.250, 0.286]"
medical,Citation appearance only,3000,0.222,0.6098971722365039,0.6018940331382328,0.6184655777059322,0.2677925211097708,0.24980011148466216,0.2857751253888134,0.222,0.610,0.268,"[0.602, 0.618]","[0.250, 0.286]"
finance,No-abstention indicator only,3000,0.263,0.5927182270465853,0.5847029171629938,0.6014817726758319,0.30463320463320465,0.2873921733318089,0.32224746644959407,0.263,0.593,0.305,"[0.585, 0.601]","[0.287, 0.322]"
finance,Citation appearance only,3000,0.263,0.5759837177747625,0.5690743055214774,0.5840934600737782,0.29617117117117114,0.27895716945996274,0.31367613499390573,0.263,0.576,0.296,"[0.569, 0.584]","[0.279, 0.314]"
finance,Abstention failure indicator only,3000,0.263,0.5606430343959428,0.5404016349275428,0.5798732748115899,0.29028174427097914,0.27054612709904113,0.3096768317304273,0.263,0.561,0.290,"[0.540, 0.580]","[0.271, 0.310]"
general,Citation appearance only,3000,0.157,0.5573349149861606,0.5513882441064138,0.5632256855311294,0.17380073800738008,0.15933244458282544,0.18807571867584705,0.157,0.557,0.174,"[0.551, 0.563]","[0.159, 0.188]"
legal,Confidence only,3000,0.2733333333333333,0.556639069142985,0.5483578123855709,0.564395865517071,0.29785199604110785,0.2818573945214535,0.3157947858892126,0.273,0.557,0.298,"[0.548, 0.564]","[0.282, 0.316]"
general,No-abstention indicator only,3000,0.157,0.5413206801107158,0.5360287184824354,0.546492478241114,0.16875671802221426,0.1547527552426928,0.18319027093596058,0.157,0.541,0.169,"[0.536, 0.546]","[0.155, 0.183]"
general,Citation misgrounding only (1 - citation support),3000,0.157,0.5267470589568647,0.5032918064416895,0.5520901933972675,0.16507772168900353,0.14870168460514865,0.1821343175510617,0.157,0.527,0.165,"[0.503, 0.552]","[0.149, 0.182]"
legal,Citation appearance only,3000,0.2733333333333333,0.5163834191094204,0.5124182536424201,0.5201177773958907,0.28000030008502413,0.2652263415431654,0.29671458598527944,0.273,0.516,0.280,"[0.512, 0.520]","[0.265, 0.297]"
general,Abstention failure indicator only,3000,0.157,0.5159588266553836,0.4918309937531663,0.5399616500496242,0.16141261997629489,0.14587167774390766,0.17602033670942505,0.157,0.516,0.161,"[0.492, 0.540]","[0.146, 0.176]"
legal,No-abstention indicator only,3000,0.2733333333333333,0.5139908256880734,0.5105687645123839,0.517186067827681,0.2790064647839401,0.26406474115069756,0.2957819594975307,0.273,0.514,0.279,"[0.511, 0.517]","[0.264, 0.296]"
finance,Citation misgrounding only (1 - citation support),3000,0.263,0.5046159913647571,0.4833430912404791,0.5267428808458714,0.26698360621472184,0.24825903974226957,0.28658654841375436,0.263,0.505,0.267,"[0.483, 0.527]","[0.248, 0.287]"
medical,Abstention failure indicator only,3000,0.222,0.49239020511514087,0.4689389593580809,0.5149034504295651,0.21943304970535638,0.20226524898566414,0.23609010181417825,0.222,0.492,0.219,"[0.469, 0.515]","[0.202, 0.236]"
medical,Citation misgrounding only (1 - citation support),3000,0.222,0.40767020233601214,0.38899828724180613,0.4261869282315248,0.20348411388487722,0.18917465508753398,0.21689575213495144,0.222,0.408,0.203,"[0.389, 0.426]","[0.189, 0.217]"
