domain,condition,predictor,n,silent_failure_prevalence,roc_auc,roc_auc_ci95_low,roc_auc_ci95_high,pr_auc,pr_auc_ci95_low,pr_auc_ci95_high,silent_failure_prevalence_display,roc_auc_display,pr_auc_display,roc_auc_ci95_display,pr_auc_ci95_display
finance,missing,Danger Score,500,0.298,1.0,0.9999999999999999,1.0,1.0,1.0,1.0,0.298,1.000,1.000,"[1.000, 1.000]","[1.000, 1.000]"
medical,missing,Danger Score,500,0.022,1.0,0.9999999999999999,1.0,1.0,1.0,1.0,0.022,1.000,1.000,"[1.000, 1.000]","[1.000, 1.000]"
medical,noisy,Danger Score,500,0.334,1.0,0.9999999999999999,1.0,1.0,0.9999999999999999,1.0,0.334,1.000,1.000,"[1.000, 1.000]","[1.000, 1.000]"
medical,partial,Danger Score,500,0.258,1.0,0.9999999999999999,1.0,1.0,1.0,1.0,0.258,1.000,1.000,"[1.000, 1.000]","[1.000, 1.000]"
legal,partial,Danger Score,500,0.574,0.9997382670003763,0.9993008611884721,1.0,0.9998063105821524,0.9994471705449225,1.0,0.574,1.000,1.000,"[0.999, 1.000]","[0.999, 1.000]"
general,clean,Danger Score,500,0.176,0.9996690203000882,0.998979435285048,1.0,0.9984610865961133,0.9947464556115783,1.0,0.176,1.000,0.998,"[0.999, 1.000]","[0.995, 1.000]"
general,partial,Danger Score,500,0.172,0.9996629592180655,0.9989684397898855,1.0,0.9984749830553673,0.9953412746577185,1.0,0.172,1.000,0.998,"[0.999, 1.000]","[0.995, 1.000]"
general,missing,Danger Score,500,0.188,0.9996069594382141,0.9988954344624448,1.0,0.9983549023908752,0.9951484346130346,1.0,0.188,1.000,0.998,"[0.999, 1.000]","[0.995, 1.000]"
general,noisy,Danger Score,500,0.172,0.999494438827098,0.9984813616341892,1.0,0.9975963843700596,0.992633734824822,1.0,0.172,0.999,0.998,"[0.998, 1.000]","[0.993, 1.000]"
legal,missing,Danger Score,500,0.852,0.9994924501966755,0.9982472181499807,1.0,0.9999150255985385,0.9997002438986134,1.0,0.852,0.999,1.000,"[0.998, 1.000]","[1.000, 1.000]"
finance,clean,Danger Score,500,0.28,0.999404761904762,0.9982362648413127,1.0,0.9984395657010003,0.995809802933942,1.0,0.280,0.999,0.998,"[0.998, 1.000]","[0.996, 1.000]"
finance,noisy,Danger Score,500,0.278,0.9993822116821778,0.998210619502364,1.0,0.9983712955506608,0.9953935430333929,1.0,0.278,0.999,0.998,"[0.998, 1.000]","[0.995, 1.000]"
finance,partial,Danger Score,500,0.268,0.9989193377375418,0.9969040806547778,1.0,0.9975202399648109,0.9933402303959988,1.0,0.268,0.999,0.998,"[0.997, 1.000]","[0.993, 1.000]"
general,stale,Danger Score,500,0.14,0.9988372093023257,0.9971836760826246,0.9998208142201834,0.9934353317914961,0.9845796212375743,0.9987994424139003,0.140,0.999,0.993,"[0.997, 1.000]","[0.985, 0.999]"
legal,noisy,Danger Score,500,0.074,0.9986574047049209,0.9954358389352167,1.0,0.9754632047063929,0.9232940207505732,1.0,0.074,0.999,0.975,"[0.995, 1.000]","[0.923, 1.000]"
legal,stale,Danger Score,500,0.044,0.9983834157474324,0.9953258453632464,1.0,0.9576514647936991,0.8623145406887635,1.0,0.044,0.998,0.958,"[0.995, 1.000]","[0.862, 1.000]"
medical,clean,Danger Score,500,0.342,0.997129348193178,0.9910303233898036,1.0,0.9853727931623434,0.9548957990669243,1.0,0.342,0.997,0.985,"[0.991, 1.000]","[0.955, 1.000]"
legal,clean,Danger Score,500,0.062,0.9969048765389641,0.9926970650670837,1.0,0.9447931935514433,0.8723172102917421,1.0,0.062,0.997,0.945,"[0.993, 1.000]","[0.872, 1.000]"
general,contradictory,Danger Score,500,0.094,0.9960546709877413,0.9908394865612655,0.9995605110641139,0.9628809576947874,0.9108088894159815,0.9973485694833137,0.094,0.996,0.963,"[0.991, 1.000]","[0.911, 0.997]"
legal,contradictory,Danger Score,500,0.034,0.9929363049567653,0.9857056319156292,0.9981402400434941,0.8012695253612208,0.6120128290641326,0.9503247221965709,0.034,0.993,0.801,"[0.986, 0.998]","[0.612, 0.950]"
medical,stale,Danger Score,500,0.22,0.9923076923076922,0.9823655262570545,1.0,0.9355070097004297,0.8697500913943992,1.0,0.220,0.992,0.936,"[0.982, 1.000]","[0.870, 1.000]"
finance,contradictory,Danger Score,500,0.204,0.9889890629618683,0.9789410930230754,0.9972335345946678,0.9475015441195467,0.8973875808589807,0.9861674864556884,0.204,0.989,0.948,"[0.979, 0.997]","[0.897, 0.986]"
medical,contradictory,Danger Score,500,0.156,0.9876048122493619,0.9778056144008245,0.9950977116570301,0.915051714215072,0.8454775803592073,0.9745850912699695,0.156,0.988,0.915,"[0.978, 0.995]","[0.845, 0.975]"
medical,missing,Confidence only,500,0.022,0.9866146123814836,0.9762389680923287,0.9944152426003142,0.4537433155080214,0.25475921089779785,0.7049364177489176,0.022,0.987,0.454,"[0.976, 0.994]","[0.255, 0.705]"
finance,stale,Danger Score,500,0.25,0.98336,0.9702857082069963,0.993284740639101,0.9456678169505693,0.9046852812348001,0.9807755358772473,0.250,0.983,0.946,"[0.970, 0.993]","[0.905, 0.981]"
legal,noisy,Incorrectness only (1 - correctness),500,0.074,0.9775844959430272,0.9628361675646795,0.9887978723404255,0.5860409913232609,0.4632048728044153,0.756403066798503,0.074,0.978,0.586,"[0.963, 0.989]","[0.463, 0.756]"
general,stale,Incorrectness only (1 - correctness),500,0.14,0.9701993355481727,0.9573290922347795,0.9815548109074137,0.731224085720746,0.6335164223935074,0.8232592777883232,0.140,0.970,0.731,"[0.957, 0.982]","[0.634, 0.823]"
general,clean,Incorrectness only (1 - correctness),500,0.176,0.9698670564872021,0.9566964651849422,0.981322148632462,0.779581572328132,0.6976001656223918,0.8568119334683096,0.176,0.970,0.780,"[0.957, 0.981]","[0.698, 0.857]"
legal,clean,Incorrectness only (1 - correctness),500,0.062,0.9687048627828598,0.9525829585174311,0.9830867155870093,0.47150056038398813,0.3559939845139811,0.6351469097957995,0.062,0.969,0.472,"[0.953, 0.983]","[0.356, 0.635]"
general,noisy,Incorrectness only (1 - correctness),500,0.172,0.9645264577013819,0.9498784966158798,0.9762536970433584,0.7443055261155049,0.6564899865711231,0.8338363168287111,0.172,0.965,0.744,"[0.950, 0.976]","[0.656, 0.834]"
legal,stale,Incorrectness only (1 - correctness),500,0.044,0.9579212628375808,0.9383764607766469,0.9747079593342277,0.33234270155085294,0.22890963986133375,0.4804179703990193,0.044,0.958,0.332,"[0.938, 0.975]","[0.229, 0.480]"
general,partial,Incorrectness only (1 - correctness),500,0.172,0.9555948769801146,0.9407036105480671,0.9693370659421349,0.6999740517891038,0.6135507488876777,0.7836461333384064,0.172,0.956,0.700,"[0.941, 0.969]","[0.614, 0.784]"
finance,clean,Incorrectness only (1 - correctness),500,0.28,0.9442857142857144,0.928013163307281,0.9602376077414135,0.7772322890051374,0.71772370910836,0.835403849058701,0.280,0.944,0.777,"[0.928, 0.960]","[0.718, 0.835]"
finance,stale,Incorrectness only (1 - correctness),500,0.25,0.9417173333333333,0.9249031966820838,0.9573735883681537,0.740857118006551,0.6728589876420008,0.8040306391125382,0.250,0.942,0.741,"[0.925, 0.957]","[0.673, 0.804]"
medical,missing,Citation appearance only,500,0.022,0.9406952965235174,0.9255090949423248,0.9547348340811722,0.15942028985507245,0.07692307692307693,0.24243506493506492,0.022,0.941,0.159,"[0.926, 0.955]","[0.077, 0.242]"
legal,contradictory,Incorrectness only (1 - correctness),500,0.034,0.9354524418463037,0.9124627022765479,0.9550636149261794,0.20771124597663426,0.13987411505760192,0.3257222521116988,0.034,0.935,0.208,"[0.912, 0.955]","[0.140, 0.326]"
general,contradictory,Incorrectness only (1 - correctness),500,0.094,0.9340096754497206,0.916528659921053,0.950689668062201,0.43933954267263947,0.3379321544392801,0.5424926553463147,0.094,0.934,0.439,"[0.917, 0.951]","[0.338, 0.542]"
finance,noisy,Incorrectness only (1 - correctness),500,0.278,0.9268219773211901,0.9095232082746518,0.9437042216248932,0.7244820123750184,0.6552536693500919,0.7899113342859759,0.278,0.927,0.724,"[0.910, 0.944]","[0.655, 0.790]"
finance,contradictory,Incorrectness only (1 - correctness),500,0.204,0.8926618386047886,0.8719175936833722,0.9131529967441028,0.5441015768030357,0.47450124477298034,0.6150903746173775,0.204,0.893,0.544,"[0.872, 0.913]","[0.475, 0.615]"
medical,missing,No-abstention indicator only,500,0.022,0.8875255623721882,0.8689011895241903,0.9075203252032521,0.09090909090909091,0.04310344827586207,0.14049586776859505,0.022,0.888,0.091,"[0.869, 0.908]","[0.043, 0.140]"
medical,missing,Abstention failure indicator only,500,0.022,0.8875255623721882,0.8689011895241903,0.9075203252032521,0.09090909090909091,0.04310344827586207,0.14049586776859505,0.022,0.888,0.091,"[0.869, 0.908]","[0.043, 0.140]"
general,missing,Confidence only,500,0.188,0.8854679802955665,0.8653355234486599,0.9044679040363105,0.5026737967914439,0.42441420014094433,0.5728991492114035,0.188,0.885,0.503,"[0.865, 0.904]","[0.424, 0.573]"
medical,stale,Incorrectness only (1 - correctness),500,0.22,0.8692307692307693,0.8475452196382429,0.8920007712082262,0.5188679245283019,0.45237796123474516,0.588535970608339,0.220,0.869,0.519,"[0.848, 0.892]","[0.452, 0.589]"
finance,partial,Incorrectness only (1 - correctness),500,0.268,0.8330070956691951,0.8091123825702392,0.8575759870956213,0.5227491511294271,0.4615062992649852,0.5845824156740242,0.268,0.833,0.523,"[0.809, 0.858]","[0.462, 0.585]"
medical,clean,Incorrectness only (1 - correctness),500,0.342,0.8328267477203648,0.8065015479876161,0.8589341692789969,0.608540925266904,0.5512263221919713,0.6644106632502217,0.342,0.833,0.609,"[0.807, 0.859]","[0.551, 0.664]"
medical,noisy,Incorrectness only (1 - correctness),500,0.334,0.8318318318318318,0.8064227213345392,0.8580060422960725,0.5985663082437276,0.5403488166725539,0.6542545953688231,0.334,0.832,0.599,"[0.806, 0.858]","[0.540, 0.654]"
legal,partial,Incorrectness only (1 - correctness),500,0.574,0.8312149318676286,0.7884851215004082,0.8734557837194042,0.7661964297355542,0.710620225718626,0.8298883482072489,0.574,0.831,0.766,"[0.788, 0.873]","[0.711, 0.830]"
legal,missing,Confidence only,500,0.852,0.8218500190331175,0.7640224611692655,0.8760745166801179,0.9417149350326333,0.9179580618146573,0.9621553694553784,0.852,0.822,0.942,"[0.764, 0.876]","[0.918, 0.962]"
medical,contradictory,Confidence only,500,0.156,0.8187659496901204,0.782787031281308,0.8502220459581814,0.34357642885190853,0.28096555524433064,0.42283551003432385,0.156,0.819,0.344,"[0.783, 0.850]","[0.281, 0.423]"
medical,partial,Confidence only,500,0.258,0.8157190914979419,0.7804963509035433,0.8481851187499193,0.4864393570363265,0.42092012330802736,0.5620278830348863,0.258,0.816,0.486,"[0.780, 0.848]","[0.421, 0.562]"
medical,contradictory,Incorrectness only (1 - correctness),500,0.156,0.8151658767772512,0.7922697041890013,0.8391701902748414,0.3333333333333333,0.27539654267286634,0.4017113095238095,0.156,0.815,0.333,"[0.792, 0.839]","[0.275, 0.402]"
general,missing,Citation appearance only,500,0.188,0.8029556650246306,0.7796755701689573,0.8264152544409268,0.3700787401574803,0.3034931370446398,0.43071305099394985,0.188,0.803,0.370,"[0.780, 0.826]","[0.303, 0.431]"
finance,missing,Confidence only,500,0.298,0.759335742557219,0.7313398050771375,0.7851288130686519,0.46861718344807746,0.41293922052471976,0.5216554879279128,0.298,0.759,0.469,"[0.731, 0.785]","[0.413, 0.522]"
finance,missing,Incorrectness only (1 - correctness),500,0.298,0.7376527275856135,0.7103236607142858,0.7655637653915324,0.44708724153336943,0.3913648362580348,0.5016974159665146,0.298,0.738,0.447,"[0.710, 0.766]","[0.391, 0.502]"
medical,partial,Incorrectness only (1 - correctness),500,0.258,0.7304582210242587,0.7052323818720805,0.7560688899507956,0.39209726443769,0.33944815123714206,0.446549233490566,0.258,0.730,0.392,"[0.705, 0.756]","[0.339, 0.447]"
legal,clean,Citation misgrounding only (1 - citation support),500,0.062,0.7248091340532362,0.6264722403758441,0.8121187740781507,0.2822780867630701,0.15588214285714286,0.4367058272632674,0.062,0.725,0.282,"[0.626, 0.812]","[0.156, 0.437]"
finance,missing,No-abstention indicator only,500,0.298,0.7222222222222222,0.6963699275132944,0.7486048698285546,0.4331395348837209,0.3831447981366459,0.4839850027862352,0.298,0.722,0.433,"[0.696, 0.749]","[0.383, 0.484]"
finance,missing,Abstention failure indicator only,500,0.298,0.7222222222222222,0.6963699275132944,0.7486048698285546,0.4331395348837209,0.3831447981366459,0.4839850027862352,0.298,0.722,0.433,"[0.696, 0.749]","[0.383, 0.484]"
finance,missing,Citation appearance only,500,0.298,0.707977207977208,0.6815503622167333,0.733828231874145,0.4209039548022599,0.3713390239053725,0.47111058197582767,0.298,0.708,0.421,"[0.682, 0.734]","[0.371, 0.471]"
legal,stale,Citation misgrounding only (1 - citation support),500,0.044,0.7056865728413846,0.6013442451438544,0.8118251793067021,0.1807398119122257,0.06757727272727274,0.3258683123249299,0.044,0.706,0.181,"[0.601, 0.812]","[0.068, 0.326]"
general,contradictory,Confidence only,500,0.094,0.7055093701564041,0.6679718759462401,0.7369679715197153,0.14981350692449094,0.1130207657476592,0.19034220591615394,0.094,0.706,0.150,"[0.668, 0.737]","[0.113, 0.190]"
general,missing,No-abstention indicator only,500,0.188,0.6822660098522167,0.6591983951601217,0.7051597051597052,0.26704545454545453,0.21684924134578662,0.3158013633481293,0.188,0.682,0.267,"[0.659, 0.705]","[0.217, 0.316]"
general,missing,Abstention failure indicator only,500,0.188,0.6822660098522167,0.6591983951601217,0.7051597051597052,0.26704545454545453,0.21684924134578662,0.3158013633481293,0.188,0.682,0.267,"[0.659, 0.705]","[0.217, 0.316]"
legal,noisy,Citation misgrounding only (1 - citation support),500,0.074,0.6671531142373475,0.5934710506240188,0.748588056646196,0.2695674320937479,0.14486916112342943,0.42395842912974774,0.074,0.667,0.270,"[0.593, 0.749]","[0.145, 0.424]"
medical,noisy,Confidence only,500,0.334,0.6664508820197443,0.6220762838282,0.7132400633943459,0.4287128948362139,0.36943901729404344,0.4880815415098748,0.334,0.666,0.429,"[0.622, 0.713]","[0.369, 0.488]"
legal,partial,Confidence only,500,0.574,0.6513225695637237,0.6189460711493578,0.6820241321695161,0.6589583665444497,0.6159465105610378,0.7055133577978254,0.574,0.651,0.659,"[0.619, 0.682]","[0.616, 0.706]"
general,missing,Incorrectness only (1 - correctness),500,0.188,0.6486741431715753,0.6170460510810623,0.6791739290316642,0.24778708019339876,0.19955821365414522,0.29460887387237644,0.188,0.649,0.248,"[0.617, 0.679]","[0.200, 0.295]"
legal,contradictory,Citation misgrounding only (1 - citation support),500,0.034,0.6437705516989405,0.5264214809067848,0.7680130503288273,0.08250420168067227,0.03161296992481203,0.18258738538893812,0.034,0.644,0.083,"[0.526, 0.768]","[0.032, 0.183]"
finance,partial,No-abstention indicator only,500,0.268,0.6407103825136612,0.6193815567907489,0.662984182244759,0.33753148614609574,0.295724999521705,0.381711872665259,0.268,0.641,0.338,"[0.619, 0.663]","[0.296, 0.382]"
finance,partial,Abstention failure indicator only,500,0.268,0.6407103825136612,0.6193815567907489,0.662984182244759,0.33753148614609574,0.295724999521705,0.381711872665259,0.268,0.641,0.338,"[0.619, 0.663]","[0.296, 0.382]"
finance,partial,Confidence only,500,0.268,0.6376926841203816,0.5991973696182833,0.6736314097461663,0.3346738068087956,0.28902565319645696,0.3831875361284933,0.268,0.638,0.335,"[0.599, 0.674]","[0.289, 0.383]"
medical,stale,Confidence only,500,0.22,0.6345221445221445,0.5875101119595058,0.6798271103225046,0.2754941292338738,0.23154878751187324,0.33015855378623926,0.220,0.635,0.275,"[0.588, 0.680]","[0.232, 0.330]"
finance,contradictory,Confidence only,500,0.204,0.6321066114888166,0.594369098883366,0.6685085057320922,0.25810298023488465,0.2117919666703194,0.3070692011778883,0.204,0.632,0.258,"[0.594, 0.669]","[0.212, 0.307]"
legal,missing,Incorrectness only (1 - correctness),500,0.852,0.6309954320517701,0.538581832114999,0.7270841818509768,0.8487304069607262,0.8035242542899409,0.8963187295248763,0.852,0.631,0.849,"[0.539, 0.727]","[0.804, 0.896]"
finance,partial,Citation appearance only,500,0.268,0.6243169398907105,0.6030113636363638,0.6456803740685229,0.3276283618581907,0.28501228501228504,0.3719877287633555,0.268,0.624,0.328,"[0.603, 0.646]","[0.285, 0.372]"
medical,clean,Confidence only,500,0.342,0.6240868127766224,0.5758048174761516,0.6723640275704766,0.4015631348024928,0.34915064378388677,0.4546288779408362,0.342,0.624,0.402,"[0.576, 0.672]","[0.349, 0.455]"
legal,missing,Citation appearance only,500,0.852,0.6004155564014719,0.5581277879739164,0.6466749777946962,0.8780997635582031,0.8495837073009976,0.9049604554884628,0.852,0.600,0.878,"[0.558, 0.647]","[0.850, 0.905]"
legal,contradictory,Confidence only,500,0.034,0.5932285957861405,0.5391635501206405,0.632716049382716,0.041475791270592914,0.02515690274121469,0.06299390069764595,0.034,0.593,0.041,"[0.539, 0.633]","[0.025, 0.063]"
medical,partial,No-abstention indicator only,500,0.258,0.5929919137466307,0.5744594827091817,0.6114139857445579,0.29930394431554525,0.2553154805575935,0.34624592949544153,0.258,0.593,0.299,"[0.574, 0.611]","[0.255, 0.346]"
medical,partial,Abstention failure indicator only,500,0.258,0.5929919137466307,0.5744594827091817,0.6114139857445579,0.29930394431554525,0.2553154805575935,0.34624592949544153,0.258,0.593,0.299,"[0.574, 0.611]","[0.255, 0.346]"
medical,partial,Citation appearance only,500,0.258,0.5754716981132075,0.5585795675713932,0.5940879823735775,0.2905405405405405,0.24771571016510843,0.33560302559196364,0.258,0.575,0.291,"[0.559, 0.594]","[0.248, 0.336]"
finance,noisy,Confidence only,500,0.278,0.5712349787759821,0.5399256417626106,0.5997143151318974,0.3097937918246439,0.2662314745313535,0.3530728152293078,0.278,0.571,0.310,"[0.540, 0.600]","[0.266, 0.353]"
general,partial,Confidence only,500,0.172,0.5711156049882036,0.5407938126720565,0.5979511520230913,0.19489824985045653,0.15642420735703788,0.23509885519387527,0.172,0.571,0.195,"[0.541, 0.598]","[0.156, 0.235]"
finance,noisy,No-abstention indicator only,500,0.278,0.5623268698060941,0.5465998065585851,0.5795470416455054,0.3054945054945055,0.2660520213731223,0.343056785157528,0.278,0.562,0.305,"[0.547, 0.580]","[0.266, 0.343]"
general,noisy,Confidence only,500,0.172,0.5600213459161891,0.5385035105635083,0.5832145960154418,0.19098401729510975,0.15526905087893894,0.22719315346013552,0.172,0.560,0.191,"[0.539, 0.583]","[0.155, 0.227]"
legal,missing,No-abstention indicator only,500,0.852,0.5540540540540541,0.5214136904761904,0.5901667805100183,0.8658536585365854,0.837058896878507,0.8943089430894309,0.852,0.554,0.866,"[0.521, 0.590]","[0.837, 0.894]"
legal,missing,Abstention failure indicator only,500,0.852,0.5540540540540541,0.5214136904761904,0.5901667805100183,0.8658536585365854,0.837058896878507,0.8943089430894309,0.852,0.554,0.866,"[0.521, 0.590]","[0.837, 0.894]"
finance,contradictory,No-abstention indicator only,500,0.204,0.5540201005025125,0.5395027704870224,0.5692738944864261,0.22319474835886213,0.18583442825675311,0.2619189649829563,0.204,0.554,0.223,"[0.540, 0.569]","[0.186, 0.262]"
finance,contradictory,Abstention failure indicator only,500,0.204,0.5540201005025125,0.5395027704870224,0.5692738944864261,0.22319474835886213,0.18583442825675311,0.2619189649829563,0.204,0.554,0.223,"[0.540, 0.569]","[0.186, 0.262]"
general,stale,Confidence only,500,0.14,0.5517109634551495,0.520289663134944,0.5785720410112283,0.1536344156577427,0.12424859930791521,0.19002933265819327,0.140,0.552,0.154,"[0.520, 0.579]","[0.124, 0.190]"
finance,clean,No-abstention indicator only,500,0.28,0.55,0.5360916403226283,0.5650528107845181,0.3017241379310345,0.2607758620689655,0.3404289934001015,0.280,0.550,0.302,"[0.536, 0.565]","[0.261, 0.340]"
finance,clean,Confidence only,500,0.28,0.5463988095238095,0.51012966570464,0.5789955051500685,0.30015573372564475,0.25779285297120413,0.3444099313308455,0.280,0.546,0.300,"[0.510, 0.579]","[0.258, 0.344]"
finance,clean,Citation appearance only,500,0.28,0.5458333333333334,0.5320289894212147,0.5604395604395604,0.29978586723768735,0.2597340950189051,0.33771334822290233,0.280,0.546,0.300,"[0.532, 0.560]","[0.260, 0.338]"
finance,noisy,Citation appearance only,500,0.278,0.5443213296398892,0.5313330211171662,0.558904109589041,0.297008547008547,0.25893920145190563,0.33476286287886864,0.278,0.544,0.297,"[0.531, 0.559]","[0.259, 0.335]"
general,clean,Confidence only,500,0.176,0.5428204986760813,0.5132099850809889,0.5679556307960506,0.18930128271845684,0.15533610524127062,0.22441253712881476,0.176,0.543,0.189,"[0.513, 0.568]","[0.155, 0.224]"
finance,stale,No-abstention indicator only,500,0.25,0.536,0.5233160621761659,0.5487838016967127,0.2642706131078224,0.22409595784292072,0.30128715498938424,0.250,0.536,0.264,"[0.523, 0.549]","[0.224, 0.301]"
finance,stale,Abstention failure indicator only,500,0.25,0.536,0.5233160621761659,0.5487838016967127,0.2642706131078224,0.22409595784292072,0.30128715498938424,0.250,0.536,0.264,"[0.523, 0.549]","[0.224, 0.301]"
medical,contradictory,No-abstention indicator only,500,0.156,0.5319905213270142,0.5209278100775194,0.5441535771771104,0.1649048625792812,0.13234198998748437,0.20125819475535658,0.156,0.532,0.165,"[0.521, 0.544]","[0.132, 0.201]"
medical,contradictory,Abstention failure indicator only,500,0.156,0.5319905213270142,0.5209278100775194,0.5441535771771104,0.1649048625792812,0.13234198998748437,0.20125819475535658,0.156,0.532,0.165,"[0.521, 0.544]","[0.132, 0.201]"
legal,partial,Citation appearance only,500,0.574,0.5305164319248826,0.5157888809862494,0.5474189244663382,0.5893223819301848,0.5487755505085415,0.6380422305268931,0.574,0.531,0.589,"[0.516, 0.547]","[0.549, 0.638]"
medical,missing,Incorrectness only (1 - correctness),500,0.022,0.5296523517382413,0.5196677211128793,0.5405700126980987,0.02335456475583864,0.01059322033898305,0.037896735509660225,0.022,0.530,0.023,"[0.520, 0.541]","[0.011, 0.038]"
finance,stale,Confidence only,500,0.25,0.5281066666666667,0.49141536859566953,0.5632797147705235,0.2607183690423777,0.21685697246880667,0.3004312662554263,0.250,0.528,0.261,"[0.491, 0.563]","[0.217, 0.300]"
medical,clean,No-abstention indicator only,500,0.342,0.5243161094224924,0.5134720484404326,0.5358289875921596,0.35330578512396693,0.30785123966942146,0.3970893970893971,0.342,0.524,0.353,"[0.513, 0.536]","[0.308, 0.397]"
medical,noisy,No-abstention indicator only,500,0.334,0.524024024024024,0.5137184696789977,0.5353873456790124,0.3450413223140496,0.30327404089910426,0.3889089347079038,0.334,0.524,0.345,"[0.514, 0.535]","[0.303, 0.389]"
legal,partial,No-abstention indicator only,500,0.574,0.5234741784037559,0.510953947368421,0.5376117765764431,0.5857142857142857,0.5459983268265477,0.6331967213114754,0.574,0.523,0.586,"[0.511, 0.538]","[0.546, 0.633]"
legal,partial,Abstention failure indicator only,500,0.574,0.5234741784037559,0.510953947368421,0.5376117765764431,0.5857142857142857,0.5459983268265477,0.6331967213114754,0.574,0.523,0.586,"[0.511, 0.538]","[0.546, 0.633]"
finance,stale,Citation appearance only,500,0.25,0.5226666666666666,0.5123949960375864,0.5335162316465015,0.2587991718426501,0.2187451675257732,0.2937622170781893,0.250,0.523,0.259,"[0.512, 0.534]","[0.219, 0.294]"
general,partial,Citation appearance only,500,0.172,0.5217391304347826,0.5130625887928661,0.5321792516363808,0.17842323651452283,0.1440329218106996,0.21429315476190475,0.172,0.522,0.178,"[0.513, 0.532]","[0.144, 0.214]"
general,partial,No-abstention indicator only,500,0.172,0.5217391304347826,0.5130944604682728,0.531325376694749,0.17842323651452283,0.1437371663244353,0.21445126330910932,0.172,0.522,0.178,"[0.513, 0.531]","[0.144, 0.214]"
general,partial,Abstention failure indicator only,500,0.172,0.5217391304347826,0.5130944604682728,0.531325376694749,0.17842323651452283,0.1437371663244353,0.21445126330910932,0.172,0.522,0.178,"[0.513, 0.531]","[0.144, 0.214]"
finance,contradictory,Citation appearance only,500,0.204,0.521356783919598,0.5115384615384615,0.5314941578377269,0.2111801242236025,0.17391304347826086,0.2479299301242236,0.204,0.521,0.211,"[0.512, 0.531]","[0.174, 0.248]"
general,clean,Citation misgrounding only (1 - citation support),500,0.176,0.5186451897616946,0.4773836354204886,0.5619573660714285,0.18426318400430494,0.1485177978646228,0.23112409728080066,0.176,0.519,0.184,"[0.477, 0.562]","[0.149, 0.231]"
legal,clean,Confidence only,500,0.062,0.5181236673773988,0.5105468646339197,0.5267665952890792,0.06418219461697723,0.043478260869565216,0.08732263513513513,0.062,0.518,0.064,"[0.511, 0.527]","[0.043, 0.087]"
legal,contradictory,No-abstention indicator only,500,0.034,0.5175983436853002,0.510351966873706,0.5267489711934157,0.035196687370600416,0.02074688796680498,0.052083333333333336,0.034,0.518,0.035,"[0.510, 0.527]","[0.021, 0.052]"
legal,contradictory,Abstention failure indicator only,500,0.034,0.5175983436853002,0.510351966873706,0.5267489711934157,0.035196687370600416,0.02074688796680498,0.052083333333333336,0.034,0.518,0.035,"[0.510, 0.527]","[0.021, 0.052]"
general,noisy,Citation appearance only,500,0.172,0.5169082125603865,0.5086622994195972,0.5257384634888438,0.17695473251028807,0.14401083087177158,0.2103147042864894,0.172,0.517,0.177,"[0.509, 0.526]","[0.144, 0.210]"
legal,stale,Citation appearance only,500,0.044,0.5167364016736402,0.5093935954583135,0.5252114108801416,0.045454545454545456,0.0269695583447162,0.0635278511798566,0.044,0.517,0.045,"[0.509, 0.525]","[0.027, 0.064]"
medical,clean,Citation appearance only,500,0.342,0.5167173252279635,0.5074844713557958,0.5269851994851995,0.3496932515337423,0.30515463917525776,0.39263989965475277,0.342,0.517,0.350,"[0.507, 0.527]","[0.305, 0.393]"
general,contradictory,No-abstention indicator only,500,0.094,0.5165562913907285,0.5088490691359472,0.5251091703056768,0.09690721649484536,0.07170673397307743,0.12424942926014257,0.094,0.517,0.097,"[0.509, 0.525]","[0.072, 0.124]"
general,contradictory,Abstention failure indicator only,500,0.094,0.5165562913907285,0.5088490691359472,0.5251091703056768,0.09690721649484536,0.07170673397307743,0.12424942926014257,0.094,0.517,0.097,"[0.509, 0.525]","[0.072, 0.124]"
legal,noisy,Confidence only,500,0.074,0.5161987041036717,0.5086202261772339,0.524468085106383,0.07628865979381444,0.05552366040361865,0.0997920997920998,0.074,0.516,0.076,"[0.509, 0.524]","[0.056, 0.100]"
medical,stale,No-abstention indicator only,500,0.22,0.5153846153846153,0.5074137101210121,0.5243621134020618,0.22540983606557377,0.1917305471189631,0.2628579257001045,0.220,0.515,0.225,"[0.507, 0.524]","[0.192, 0.263]"
medical,stale,Abstention failure indicator only,500,0.22,0.5153846153846153,0.5074137101210121,0.5243621134020618,0.22540983606557377,0.1917305471189631,0.2628579257001045,0.220,0.515,0.225,"[0.507, 0.524]","[0.192, 0.263]"
medical,noisy,Citation appearance only,500,0.334,0.515015015015015,0.5072223545060431,0.5238805970149254,0.3408163265306122,0.29958477135461603,0.3839876421094806,0.334,0.515,0.341,"[0.507, 0.524]","[0.300, 0.384]"
legal,contradictory,Citation appearance only,500,0.034,0.5134575569358177,0.5072164948453608,0.520921598554424,0.03490759753593429,0.02053388090349076,0.05165556610714713,0.034,0.513,0.035,"[0.507, 0.521]","[0.021, 0.052]"
general,noisy,No-abstention indicator only,500,0.172,0.5132850241545894,0.5061270764418236,0.5208858068771862,0.17586912065439672,0.14284262485481997,0.20825596103978244,0.172,0.513,0.176,"[0.506, 0.521]","[0.143, 0.208]"
legal,clean,Citation appearance only,500,0.062,0.511727078891258,0.505422700040379,0.5189483677548301,0.06339468302658487,0.04294259421560035,0.08571866783523224,0.062,0.512,0.063,"[0.505, 0.519]","[0.043, 0.086]"
general,clean,No-abstention indicator only,500,0.176,0.5109223300970873,0.504694287218639,0.5184827818570499,0.17922606924643583,0.14693733831560796,0.21181262729124237,0.176,0.511,0.179,"[0.505, 0.518]","[0.147, 0.212]"
legal,clean,No-abstention indicator only,500,0.062,0.5106609808102345,0.5052628814683768,0.5173573764578003,0.06326530612244897,0.04276985743380855,0.08589397063260586,0.062,0.511,0.063,"[0.505, 0.517]","[0.043, 0.086]"
general,clean,Citation appearance only,500,0.176,0.5097087378640777,0.5036580925882075,0.5167084470848142,0.17886178861788618,0.14717145325872286,0.2116965253597004,0.176,0.510,0.179,"[0.504, 0.517]","[0.147, 0.212]"
legal,stale,No-abstention indicator only,500,0.044,0.5094142259414226,0.5041928721174005,0.5158236211095352,0.04480651731160896,0.026530612244897958,0.06300813008130081,0.044,0.509,0.045,"[0.504, 0.516]","[0.027, 0.063]"
legal,stale,Abstention failure indicator only,500,0.044,0.5094142259414226,0.5041928721174005,0.5158236211095352,0.04480651731160896,0.026530612244897958,0.06300813008130081,0.044,0.509,0.045,"[0.504, 0.516]","[0.027, 0.063]"
general,stale,No-abstention indicator only,500,0.14,0.5093023255813953,0.5035294117647059,0.5160947477650063,0.14227642276422764,0.11498973305954825,0.17479674796747968,0.140,0.509,0.142,"[0.504, 0.516]","[0.115, 0.175]"
general,stale,Abstention failure indicator only,500,0.14,0.5093023255813953,0.5035294117647059,0.5160947477650063,0.14227642276422764,0.11498973305954825,0.17479674796747968,0.140,0.509,0.142,"[0.504, 0.516]","[0.115, 0.175]"
legal,noisy,No-abstention indicator only,500,0.074,0.5075593952483801,0.5031480199850207,0.5138896324054246,0.07505070993914807,0.054621440897325284,0.09776466187289579,0.074,0.508,0.075,"[0.503, 0.514]","[0.055, 0.098]"
legal,noisy,Citation appearance only,500,0.074,0.5064794816414686,0.5021505376344086,0.5118790496760259,0.07489878542510121,0.054190689136915764,0.09756594307287268,0.074,0.506,0.075,"[0.502, 0.512]","[0.054, 0.098]"
medical,stale,Citation appearance only,500,0.22,0.5038461538461538,0.5,0.5087945236256851,0.22132796780684105,0.18785049288061334,0.25904917456546506,0.220,0.504,0.221,"[0.500, 0.509]","[0.188, 0.259]"
general,stale,Citation appearance only,500,0.14,0.5034883720930232,0.5,0.5081585081585082,0.14084507042253522,0.11311993171148102,0.17303822937625754,0.140,0.503,0.141,"[0.500, 0.508]","[0.113, 0.173]"
medical,contradictory,Citation appearance only,500,0.156,0.5023696682464456,0.5,0.5060096153846154,0.1566265060240964,0.12625250501002003,0.19077264793580762,0.156,0.502,0.157,"[0.500, 0.506]","[0.126, 0.191]"
general,contradictory,Citation appearance only,500,0.094,0.5011037527593819,0.5,0.5033632286995515,0.09418837675350701,0.07,0.122,0.094,0.501,0.094,"[0.500, 0.503]","[0.070, 0.122]"
legal,missing,Citation misgrounding only (1 - citation support),500,0.852,0.5,0.5,0.5,0.852,0.82,0.88,0.852,0.500,0.852,"[0.500, 0.500]","[0.820, 0.880]"
legal,partial,Citation misgrounding only (1 - citation support),500,0.574,0.5,0.5,0.5,0.574,0.534,0.62,0.574,0.500,0.574,"[0.500, 0.500]","[0.534, 0.620]"
medical,clean,Abstention failure indicator only,500,0.342,0.5,0.5,0.5,0.342,0.298,0.384,0.342,0.500,0.342,"[0.500, 0.500]","[0.298, 0.384]"
medical,noisy,Abstention failure indicator only,500,0.334,0.5,0.5,0.5,0.334,0.292,0.378,0.334,0.500,0.334,"[0.500, 0.500]","[0.292, 0.378]"
finance,missing,Citation misgrounding only (1 - citation support),500,0.298,0.5,0.5,0.5,0.298,0.25795,0.338,0.298,0.500,0.298,"[0.500, 0.500]","[0.258, 0.338]"
finance,clean,Abstention failure indicator only,500,0.28,0.5,0.5,0.5,0.28,0.242,0.316,0.280,0.500,0.280,"[0.500, 0.500]","[0.242, 0.316]"
finance,noisy,Abstention failure indicator only,500,0.278,0.5,0.5,0.5,0.278,0.242,0.314,0.278,0.500,0.278,"[0.500, 0.500]","[0.242, 0.314]"
finance,partial,Citation misgrounding only (1 - citation support),500,0.268,0.5,0.5,0.5,0.268,0.232,0.306,0.268,0.500,0.268,"[0.500, 0.500]","[0.232, 0.306]"
medical,partial,Citation misgrounding only (1 - citation support),500,0.258,0.5,0.5,0.5,0.258,0.21995,0.298,0.258,0.500,0.258,"[0.500, 0.500]","[0.220, 0.298]"
general,missing,Citation misgrounding only (1 - citation support),500,0.188,0.5,0.5,0.5,0.188,0.15,0.224,0.188,0.500,0.188,"[0.500, 0.500]","[0.150, 0.224]"
general,clean,Abstention failure indicator only,500,0.176,0.5,0.5,0.5,0.176,0.144,0.208,0.176,0.500,0.176,"[0.500, 0.500]","[0.144, 0.208]"
general,noisy,Abstention failure indicator only,500,0.172,0.5,0.5,0.5,0.172,0.14,0.204,0.172,0.500,0.172,"[0.500, 0.500]","[0.140, 0.204]"
general,partial,Citation misgrounding only (1 - citation support),500,0.172,0.5,0.5,0.5,0.172,0.138,0.206,0.172,0.500,0.172,"[0.500, 0.500]","[0.138, 0.206]"
legal,noisy,Abstention failure indicator only,500,0.074,0.5,0.5,0.5,0.074,0.053950000000000005,0.096,0.074,0.500,0.074,"[0.500, 0.500]","[0.054, 0.096]"
legal,clean,Abstention failure indicator only,500,0.062,0.5,0.5,0.5,0.062,0.042,0.084,0.062,0.500,0.062,"[0.500, 0.500]","[0.042, 0.084]"
medical,missing,Citation misgrounding only (1 - citation support),500,0.022,0.5,0.5,0.5,0.022,0.01,0.036,0.022,0.500,0.022,"[0.500, 0.500]","[0.010, 0.036]"
general,stale,Citation misgrounding only (1 - citation support),500,0.14,0.49898671096345515,0.47650769279473215,0.5286044735465605,0.13984415584415585,0.1127234335839599,0.17395184613901477,0.140,0.499,0.140,"[0.477, 0.529]","[0.113, 0.174]"
finance,stale,Citation misgrounding only (1 - citation support),500,0.25,0.4962666666666666,0.46026786847948375,0.5318195366213975,0.25009306471741843,0.2104889921054273,0.2892668400141419,0.250,0.496,0.250,"[0.460, 0.532]","[0.210, 0.289]"
general,contradictory,Citation misgrounding only (1 - citation support),500,0.094,0.48919731341881545,0.45599279881334825,0.5316575773831844,0.0929099836333879,0.06885540069686412,0.12216891784522486,0.094,0.489,0.093,"[0.456, 0.532]","[0.069, 0.122]"
finance,noisy,Citation misgrounding only (1 - citation support),500,0.278,0.48660794356204795,0.4499779010658469,0.5249786698211707,0.27568379824729844,0.23793761204921085,0.3180272085926321,0.278,0.487,0.276,"[0.450, 0.525]","[0.238, 0.318]"
medical,noisy,Citation misgrounding only (1 - citation support),500,0.334,0.48648648648648646,0.4764008726647001,0.49694503484890273,0.3325443658138269,0.29269183673469384,0.37644191919191916,0.334,0.486,0.333,"[0.476, 0.497]","[0.293, 0.376]"
medical,stale,Citation misgrounding only (1 - citation support),500,0.22,0.4846153846153846,0.4748742056845072,0.4933884019229972,0.22,0.186,0.25604999999999994,0.220,0.485,0.220,"[0.475, 0.493]","[0.186, 0.256]"
general,noisy,Citation misgrounding only (1 - citation support),500,0.172,0.4823755757780025,0.45883198151556986,0.5088313771030775,0.16827677424644055,0.13800633116883118,0.20234606426124824,0.172,0.482,0.168,"[0.459, 0.509]","[0.138, 0.202]"
legal,stale,Confidence only,500,0.044,0.4818372004564473,0.41873455520297626,0.5297744549783738,0.04255113832376789,0.025364679734853224,0.059514078057190785,0.044,0.482,0.043,"[0.419, 0.530]","[0.025, 0.060]"
medical,clean,Citation misgrounding only (1 - citation support),500,0.342,0.4817629179331307,0.4715547508586431,0.4911504424778761,0.342,0.298,0.384,0.342,0.482,0.342,"[0.472, 0.491]","[0.298, 0.384]"
finance,clean,Citation misgrounding only (1 - citation support),500,0.28,0.47055555555555556,0.43235147551794395,0.5085318005632662,0.27306295149638804,0.23543222507364367,0.3172791451897432,0.280,0.471,0.273,"[0.432, 0.509]","[0.235, 0.317]"
medical,contradictory,Citation misgrounding only (1 - citation support),500,0.156,0.4585308056872038,0.444569540672312,0.4707277052463394,0.156,0.126,0.19,0.156,0.459,0.156,"[0.445, 0.471]","[0.126, 0.190]"
finance,contradictory,Citation misgrounding only (1 - citation support),500,0.204,0.4507340624692088,0.41934920541532683,0.48232282519762115,0.19514455822814955,0.16138820735117676,0.2300860634344704,0.204,0.451,0.195,"[0.419, 0.482]","[0.161, 0.230]"
