condition,predictor,n,silent_failure_prevalence,roc_auc,roc_auc_ci95_low,roc_auc_ci95_high,pr_auc,pr_auc_ci95_low,pr_auc_ci95_high,silent_failure_prevalence_display,roc_auc_display,pr_auc_display,roc_auc_ci95_display,pr_auc_ci95_display
noisy,Danger Score,2000,0.2145,0.9968885347625004,0.9951394781356444,0.9984475282476482,0.9880919922284076,0.9793944674324283,0.9944183871043838,0.214,0.997,0.988,"[0.995, 0.998]","[0.979, 0.994]"
clean,Danger Score,2000,0.215,0.9962116723448378,0.9941113608760587,0.998068419436792,0.983167955722609,0.9718377985513018,0.9924731300041318,0.215,0.996,0.983,"[0.994, 0.998]","[0.972, 0.992]"
missing,Danger Score,2000,0.34,0.9948379010695186,0.992971625480778,0.9966396956634112,0.9894991983358818,0.9855563493090284,0.993007534889416,0.340,0.995,0.989,"[0.993, 0.997]","[0.986, 0.993]"
partial,Danger Score,2000,0.318,0.9941729375311238,0.9920580744668065,0.9960177307379128,0.989002197058159,0.9849852195040294,0.9922741658753537,0.318,0.994,0.989,"[0.992, 0.996]","[0.985, 0.992]"
stale,Danger Score,2000,0.1635,0.9916071222930843,0.9877732218841705,0.9951008795340198,0.939865138433906,0.9094109863815789,0.966893076714357,0.164,0.992,0.940,"[0.988, 0.995]","[0.909, 0.967]"
contradictory,Danger Score,2000,0.122,0.9907436797490572,0.9863075903156427,0.9941542490787864,0.9249413324386904,0.8851799689623264,0.9554647045795889,0.122,0.991,0.925,"[0.986, 0.994]","[0.885, 0.955]"
stale,Incorrectness only (1 - correctness),2000,0.1635,0.940772769896412,0.932420892311677,0.9488761576234316,0.6226689540163035,0.5779629039017519,0.6665043145977612,0.164,0.941,0.623,"[0.932, 0.949]","[0.578, 0.667]"
clean,Incorrectness only (1 - correctness),2000,0.215,0.9360865057028589,0.9271471495942851,0.9451178211985204,0.6813060932924507,0.6433334060547423,0.7209457539857338,0.215,0.936,0.681,"[0.927, 0.945]","[0.643, 0.721]"
noisy,Incorrectness only (1 - correctness),2000,0.2145,0.9296322179835865,0.9204886725660992,0.9389036105528678,0.6587436979446454,0.6170920020227597,0.6976889669371026,0.214,0.930,0.659,"[0.920, 0.939]","[0.617, 0.698]"
contradictory,Incorrectness only (1 - correctness),2000,0.122,0.9018435621195713,0.8911769296477575,0.9123404621480626,0.4142832623162186,0.371505613101064,0.4557580881114697,0.122,0.902,0.414,"[0.891, 0.912]","[0.372, 0.456]"
missing,Confidence only,2000,0.34,0.887497214795009,0.8749895006548518,0.8985673841418235,0.6960381151359429,0.6683241902455689,0.7234903321457229,0.340,0.887,0.696,"[0.875, 0.899]","[0.668, 0.723]"
missing,Citation appearance only,2000,0.34,0.8171557486631016,0.8040487972396694,0.8296897225991916,0.5848411800198426,0.5583539793916779,0.6127174128691435,0.340,0.817,0.585,"[0.804, 0.830]","[0.558, 0.613]"
partial,Incorrectness only (1 - correctness),2000,0.318,0.7975703858426012,0.7793427572600005,0.8144549964871866,0.518144541754815,0.48807888501712526,0.5506432899453315,0.318,0.798,0.518,"[0.779, 0.814]","[0.488, 0.551]"
missing,No-abstention indicator only,2000,0.34,0.7617424242424242,0.7475496429909867,0.7750038109756098,0.5194805194805194,0.4932749666213452,0.5478948471838624,0.340,0.762,0.519,"[0.748, 0.775]","[0.493, 0.548]"
missing,Abstention failure indicator only,2000,0.34,0.7617424242424242,0.7475496429909867,0.7750038109756098,0.5194805194805194,0.4932749666213452,0.5478948471838624,0.340,0.762,0.519,"[0.748, 0.775]","[0.493, 0.548]"
partial,Confidence only,2000,0.318,0.6628614968922334,0.6426097147025346,0.6813010495544651,0.40779963265167996,0.3827219691395431,0.43574768185162593,0.318,0.663,0.408,"[0.643, 0.681]","[0.383, 0.436]"
contradictory,Confidence only,2000,0.122,0.6310985286978603,0.6070153444388633,0.6544313805900102,0.15701012137604603,0.138526259758644,0.17714623985064876,0.122,0.631,0.157,"[0.607, 0.654]","[0.139, 0.177]"
partial,No-abstention indicator only,2000,0.318,0.5733137829912023,0.5639784348599378,0.581979469871405,0.35333333333333333,0.3327777079843663,0.3756258852484592,0.318,0.573,0.353,"[0.564, 0.582]","[0.333, 0.376]"
partial,Abstention failure indicator only,2000,0.318,0.5733137829912023,0.5639784348599378,0.581979469871405,0.35333333333333333,0.3327777079843663,0.3756258852484592,0.318,0.573,0.353,"[0.564, 0.582]","[0.333, 0.376]"
partial,Citation appearance only,2000,0.318,0.56524926686217,0.5563264582284333,0.5733899197865935,0.34906695938529086,0.3285328491727587,0.37179517544159235,0.318,0.565,0.349,"[0.556, 0.573]","[0.329, 0.372]"
contradictory,No-abstention indicator only,2000,0.122,0.5290432801822323,0.5236845228829389,0.5342877263581488,0.1285563751317176,0.11328570440935869,0.14429175475687103,0.122,0.529,0.129,"[0.524, 0.534]","[0.113, 0.144]"
contradictory,Abstention failure indicator only,2000,0.122,0.5290432801822323,0.5236845228829389,0.5342877263581488,0.1285563751317176,0.11328570440935869,0.14429175475687103,0.122,0.529,0.129,"[0.524, 0.534]","[0.113, 0.144]"
noisy,No-abstention indicator only,2000,0.2145,0.5251432208784215,0.5197082956613749,0.5306317962371139,0.2233211868818324,0.20470581323001602,0.2413869273783067,0.214,0.525,0.223,"[0.520, 0.531]","[0.205, 0.241]"
clean,No-abstention indicator only,2000,0.215,0.5226114649681528,0.5175709097129002,0.5276513053156126,0.22291342664593053,0.20270270270270271,0.24140131766044176,0.215,0.523,0.223,"[0.518, 0.528]","[0.203, 0.241]"
clean,Citation appearance only,2000,0.215,0.5200636942675159,0.5151319321138044,0.5248595770337844,0.2219927723283428,0.20216419954222967,0.24043580765465924,0.215,0.520,0.222,"[0.515, 0.525]","[0.202, 0.240]"
noisy,Citation appearance only,2000,0.2145,0.51973265436028,0.515099627857411,0.5245904258105065,0.22136222910216719,0.2029930617025985,0.23932262740429008,0.214,0.520,0.221,"[0.515, 0.525]","[0.203, 0.239]"
stale,No-abstention indicator only,2000,0.1635,0.5167364016736402,0.5127516981919684,0.5210533521328606,0.16820987654320987,0.1523076923076923,0.18472652218782248,0.164,0.517,0.168,"[0.513, 0.521]","[0.152, 0.185]"
stale,Abstention failure indicator only,2000,0.1635,0.5167364016736402,0.5127516981919684,0.5210533521328606,0.16820987654320987,0.1523076923076923,0.18472652218782248,0.164,0.517,0.168,"[0.513, 0.521]","[0.152, 0.185]"
stale,Citation misgrounding only (1 - citation support),2000,0.1635,0.515353582990142,0.4987241502432945,0.5328817865450705,0.17053381632407694,0.15355290081112724,0.18992778128442958,0.164,0.515,0.171,"[0.499, 0.533]","[0.154, 0.190]"
stale,Citation appearance only,2000,0.1635,0.511655708308428,0.5081764917308552,0.5154861009437086,0.16675165731769506,0.15099135739705136,0.18256865747830525,0.164,0.512,0.167,"[0.508, 0.515]","[0.151, 0.183]"
clean,Citation misgrounding only (1 - citation support),2000,0.215,0.5106880462153756,0.49444256879608933,0.5282225393630061,0.22270250209503858,0.2021838312565359,0.24649176595836778,0.215,0.511,0.223,"[0.494, 0.528]","[0.202, 0.246]"
noisy,Citation misgrounding only (1 - citation support),2000,0.2145,0.5104576094391499,0.49526086193299235,0.5282533816295576,0.22033221928601532,0.20009399042896422,0.2422711658838229,0.214,0.510,0.220,"[0.495, 0.528]","[0.200, 0.242]"
contradictory,Citation appearance only,2000,0.122,0.5093963553530751,0.5063143999041491,0.5126405301562701,0.12404677173360447,0.10935910478128179,0.1390880603671631,0.122,0.509,0.124,"[0.506, 0.513]","[0.109, 0.139]"
missing,Citation misgrounding only (1 - citation support),2000,0.34,0.5,0.5,0.5,0.34,0.3195,0.361,0.340,0.500,0.340,"[0.500, 0.500]","[0.320, 0.361]"
partial,Citation misgrounding only (1 - citation support),2000,0.318,0.5,0.5,0.5,0.318,0.29898749999999996,0.3395125,0.318,0.500,0.318,"[0.500, 0.500]","[0.299, 0.340]"
clean,Abstention failure indicator only,2000,0.215,0.5,0.5,0.5,0.215,0.1959875,0.233,0.215,0.500,0.215,"[0.500, 0.500]","[0.196, 0.233]"
noisy,Abstention failure indicator only,2000,0.2145,0.5,0.5,0.5,0.2145,0.1965,0.232,0.214,0.500,0.214,"[0.500, 0.500]","[0.197, 0.232]"
stale,Confidence only,2000,0.1635,0.4896795845511826,0.462536450926865,0.5141116217882908,0.15851042154411474,0.142264476042777,0.17608097197578224,0.164,0.490,0.159,"[0.463, 0.514]","[0.142, 0.176]"
noisy,Confidence only,2000,0.2145,0.4855310189492239,0.4617133916332392,0.5089892665855256,0.206900988355427,0.1886179288197178,0.22735651917122898,0.214,0.486,0.207,"[0.462, 0.509]","[0.189, 0.227]"
contradictory,Citation misgrounding only (1 - citation support),2000,0.122,0.48510376601068,0.46944828304352354,0.5032494158102976,0.11933040144353776,0.10554212816427427,0.13452847017343075,0.122,0.485,0.119,"[0.469, 0.503]","[0.106, 0.135]"
clean,Confidence only,2000,0.215,0.4596844911864909,0.4337709283577904,0.4836534068033186,0.19917296011277413,0.1792842029847002,0.21837023636842967,0.215,0.460,0.199,"[0.434, 0.484]","[0.179, 0.218]"
missing,Incorrectness only (1 - correctness),2000,0.34,0.4228904857397504,0.39863055600204744,0.44707581740832225,0.28465201861794565,0.263485805268131,0.30486739900835663,0.340,0.423,0.285,"[0.399, 0.447]","[0.263, 0.305]"
