model_tag,domain,condition,n,silent_failure_rate,citation_valid_wrong_rate,abstention_failure_rate,avg_correctness,avg_confidence,avg_danger_score,avg_citation_appearance,avg_citation_support
mistral_7b,finance,clean,500,0.438,0.022,0.0,0.33053948769057007,81.08,0.7205430382737156,0.926,0.8923333333333334
mistral_7b,finance,contradictory,500,0.452,0.022,0.936,0.32732135669908247,80.4,0.7175906514130871,0.938,0.9126666666666666
mistral_7b,finance,missing,500,0.338,0.534,0.868,0.18986901286135177,53.56,0.7885662685350359,0.746,0.0
mistral_7b,finance,noisy,500,0.428,0.036,0.0,0.32336547236082575,78.24,0.7171594389073965,0.89,0.8506666666666667
mistral_7b,finance,partial,500,0.41,0.596,0.9,0.23594870491299097,65.28,0.8189201009444759,0.854,0.0
mistral_7b,finance,stale,500,0.412,0.042,0.95,0.35538895107703683,79.94,0.7099895604791889,0.942,0.8998333333333334
mistral_7b,general,clean,500,0.244,0.004,0.0,0.6824293709874355,90.34,0.5884997201543976,0.9696666666666667,0.9436666666666667
mistral_7b,general,contradictory,500,0.186,0.0,0.912,0.668809706959707,81.36,0.5614166025641025,0.912,0.906
mistral_7b,general,missing,500,0.254,0.34,0.924,0.30094145631452,42.1,0.6742204902899179,0.546,0.0
mistral_7b,general,noisy,500,0.254,0.002,0.0,0.6751474011054657,92.08,0.593998409613087,0.969,0.9523333333333334
mistral_7b,general,partial,500,0.242,0.278,0.964,0.6631525641025642,88.86,0.7298466025641026,0.956,0.0
mistral_7b,general,stale,500,0.24,0.0,0.944,0.6390041514041515,84.48,0.5837485470085471,0.942,0.93
mistral_7b,legal,clean,500,0.074,0.008,0.0,0.5244040320235192,59.86,0.558677931274835,0.622,0.602
mistral_7b,legal,contradictory,500,0.058,0.004,0.556,0.49019705298620403,54.66,0.54747633302757,0.556,0.5511666666666666
mistral_7b,legal,missing,500,0.606,0.616,0.77,0.18847277279143082,65.96,0.8085343578512093,0.635,0.0
mistral_7b,legal,noisy,500,0.086,0.004,0.0,0.6263203204028153,70.66,0.5575543976365808,0.714,0.71
mistral_7b,legal,partial,500,0.186,0.284,0.664,0.2646499364550332,39.74,0.6771917765206505,0.488,0.0
mistral_7b,legal,stale,500,0.076,0.0,0.672,0.5943622812069935,66.4,0.5517468616564299,0.672,0.67
mistral_7b,medical,clean,500,0.168,0.0,0.0,0.412,43.475,0.562681875,0.712,0.712
mistral_7b,medical,contradictory,500,0.1,0.006,0.578,0.374,34.5342,0.539716275,0.5775,0.5722999999999999
mistral_7b,medical,missing,500,0.016,0.358,0.912,0.286,4.948,0.6127635,0.536,0.0
mistral_7b,medical,noisy,500,0.158,0.0,0.0,0.436,44.320800000000006,0.5577621,0.726,0.726
mistral_7b,medical,partial,500,0.112,0.342,0.716,0.372,34.6454,0.662664175,0.7133333333333334,0.0
mistral_7b,medical,stale,500,0.102,0.0,0.672,0.43,39.729800000000004,0.541825725,0.672,0.672
qwen_3b,finance,clean,500,0.382,0.12,0.0,0.38327134976134974,77.59,0.7288628289627039,0.998,0.7603333333333334
qwen_3b,finance,contradictory,500,0.436,0.084,0.998,0.415752639635089,85.71,0.7310921549341047,0.998,0.8043333333333333
qwen_3b,finance,missing,500,0.402,0.7,0.948,0.21715283583341724,64.79,0.8546907424242425,1.0,0.0
qwen_3b,finance,noisy,500,0.402,0.108,0.0,0.3838710194905277,80.23,0.7318089003372311,0.998,0.7783
qwen_3b,finance,partial,500,0.372,0.656,0.984,0.29316528640441686,67.53,0.840459507246377,1.0,0.0
qwen_3b,finance,stale,500,0.458,0.076,1.0,0.4296488339748939,88.14,0.7326128035142264,1.0,0.8121666666666666
qwen_3b,general,clean,500,0.45,0.018,0.0,0.5255062770562771,96.03,0.668447803030303,0.996,0.9126666666666666
qwen_3b,general,contradictory,500,0.398,0.016,0.996,0.5567856421356421,95.406,0.6748900252525252,0.998,0.787
qwen_3b,general,missing,500,0.59,0.75,0.982,0.22671349206349206,78.72,0.8640002777777778,0.989,0.0
qwen_3b,general,noisy,500,0.438,0.012,0.0,0.5269214285714285,94.66,0.6613675,0.993,0.9280666666666667
qwen_3b,general,partial,500,0.434,0.454,0.994,0.5239706349206349,94.65,0.8017352777777778,0.994,0.0
qwen_3b,general,stale,500,0.404,0.014,0.994,0.5250856421356421,93.29,0.6692700252525252,0.996,0.8598333333333333
qwen_3b,legal,clean,500,0.214,0.074,0.0,0.6462915048743085,85.17,0.626681921676528,0.978,0.8931333333333333
qwen_3b,legal,contradictory,500,0.232,0.176,0.976,0.6937710998560798,89.16,0.6367712467081216,0.976,0.7825
qwen_3b,legal,missing,500,0.622,0.902,0.942,0.17990390036678072,66.2,0.877452873178699,0.942,0.0
qwen_3b,legal,noisy,500,0.236,0.064,0.0,0.6678402583714503,89.44,0.6323689387441442,0.982,0.8875
qwen_3b,legal,partial,500,0.396,0.628,0.992,0.36662734711519046,74.94,0.8429389254433919,0.991,0.0
qwen_3b,legal,stale,500,0.186,0.1,0.972,0.7239854491095655,87.66,0.6092073359797896,0.972,0.8555
qwen_3b,medical,clean,500,0.472,0.0,0.0,0.518,90.77,0.67902975,1.0,0.9928666666666667
qwen_3b,medical,contradictory,500,0.388,0.088,1.0,0.602,89.2,0.660014,1.0,0.8779666666666667
qwen_3b,medical,missing,500,0.584,0.662,0.984,0.318,75.11,0.86024625,0.996,0.0
qwen_3b,medical,noisy,500,0.486,0.0,0.0,0.502,90.19,0.68331375,1.0,0.9933333333333334
qwen_3b,medical,partial,500,0.536,0.574,0.99,0.416,84.02,0.8440062500000001,0.998,0.0
qwen_3b,medical,stale,500,0.29,0.104,0.992,0.632,80.732,0.6275195,0.992,0.8669333333333333
qwen_7b,finance,clean,500,0.28,0.044,0.0,0.6060190521990394,90.37,0.652806748316853,0.934,0.8263333333333334
qwen_7b,finance,contradictory,500,0.204,0.026,0.914,0.5878064015778302,80.33,0.6285748974201474,0.966,0.885
qwen_7b,finance,missing,500,0.298,0.342,0.688,0.3118901999872081,64.02,0.7485565095929363,0.7086666666666667,0.0
qwen_7b,finance,noisy,500,0.278,0.058,0.0,0.5819776331511626,87.5,0.6547947198169478,0.936,0.8076666666666666
qwen_7b,finance,partial,500,0.268,0.292,0.794,0.45672834319850447,74.68,0.7546923338745496,0.818,0.0
qwen_7b,finance,stale,500,0.25,0.058,0.946,0.6209689644653931,90.63,0.6489401555589681,0.966,0.8643333333333334
qwen_7b,general,clean,500,0.176,0.016,0.0,0.7567970085470086,90.32,0.567601047008547,0.984,0.9274666666666667
qwen_7b,general,contradictory,500,0.094,0.01,0.97,0.7760995726495726,68.57,0.5042901495726496,0.998,0.948
qwen_7b,general,missing,500,0.188,0.306,0.704,0.2732420634920635,39.12,0.6487652777777778,0.508,0.0
qwen_7b,general,noisy,500,0.172,0.002,0.0,0.7573121325639475,89.33,0.5602657536026183,0.972,0.944
qwen_7b,general,partial,500,0.172,0.202,0.964,0.7411684371184372,86.51,0.697866047008547,0.964,0.0
qwen_7b,general,stale,500,0.14,0.0,0.984,0.7962636752136752,90.26,0.5484577136752137,0.994,0.9733333333333334
qwen_7b,legal,clean,500,0.062,0.03,0.0,0.9056120278471304,96.6,0.5550757615843614,0.978,0.937
qwen_7b,legal,contradictory,500,0.034,0.038,0.966,0.8987723721154138,85.28,0.5276299032475854,0.974,0.9255
qwen_7b,legal,missing,500,0.852,0.912,0.984,0.29504509561782766,91.06,0.9105273987160126,0.969,0.0
qwen_7b,legal,noisy,500,0.074,0.028,0.0,0.9030770454098209,97.2,0.5563036858118909,0.988,0.9594
qwen_7b,legal,partial,500,0.574,0.662,0.98,0.41576682222285394,88.27,0.8577430895732824,0.974,0.0
qwen_7b,legal,stale,500,0.044,0.026,0.982,0.9102320317531738,95.48,0.5489597283307087,0.968,0.938
qwen_7b,medical,clean,500,0.342,0.002,0.0,0.438,70.4,0.65079,0.978,0.976
qwen_7b,medical,contradictory,500,0.156,0.01,0.946,0.532,56.18,0.582288,0.996,0.9579333333333333
qwen_7b,medical,missing,500,0.022,0.102,0.242,0.058,7.78,0.5706525,0.138,0.0
qwen_7b,medical,noisy,500,0.334,0.002,0.0,0.442,68.04,0.6431825,0.98,0.977
qwen_7b,medical,partial,500,0.258,0.518,0.862,0.342,57.58,0.7785475000000001,0.888,0.0
qwen_7b,medical,stale,500,0.22,0.018,0.976,0.576,67.05,0.59464125,0.994,0.976
