model_tag,condition,n,silent_failure_rate,citation_valid_wrong_rate,abstention_failure_rate,avg_correctness,avg_confidence,avg_danger_score,avg_citation_appearance,avg_citation_support
mistral_7b,clean,2000,0.231,0.0085,0.0,0.48734322267538116,68.68875,0.607600641175737,0.8074166666666667,0.7875
mistral_7b,contradictory,2000,0.199,0.008,0.7455,0.4650820291612484,62.738550000000004,0.59154996550119,0.745875,0.7355333333333333
mistral_7b,missing,2000,0.3035,0.462,0.8685,0.24132081049182566,41.642,0.7210211541690408,0.61575,0.0
mistral_7b,noisy,2000,0.2315,0.0105,0.0,0.5152082984672767,71.3252,0.606618586539266,0.82475,0.80975
mistral_7b,partial,2000,0.2375,0.375,0.811,0.38393780136764705,57.13135,0.7221556637573072,0.7528333333333334,0.0
mistral_7b,stale,2000,0.2075,0.0105,0.8095,0.5046888459220454,67.63745,0.5968276735360415,0.807,0.7929583333333333
qwen_3b,clean,2000,0.3795,0.053,0.0,0.5182672829229837,87.39,0.6757555759173838,0.993,0.88975
qwen_3b,contradictory,2000,0.3635,0.091,0.9925,0.5670773454067027,89.869,0.6756918567236879,0.993,0.8129500000000001
qwen_3b,missing,2000,0.5495,0.7535,0.964,0.2354425570659225,71.205,0.8640975358451799,0.98175,0.0
qwen_3b,noisy,2000,0.3905,0.046,0.0,0.5201581766083516,88.63,0.6772147722703438,0.99325,0.8967999999999999
qwen_3b,partial,2000,0.4345,0.578,0.99,0.3999408171100606,80.285,0.8322849901168866,0.99575,0.0
qwen_3b,stale,2000,0.3345,0.0735,0.9895,0.5776799813050254,87.4555,0.6596524161866354,0.99,0.8486083333333333
qwen_7b,clean,2000,0.215,0.023,0.0,0.6766070221482946,86.9225,0.6065683892274403,0.9685,0.9167000000000001
qwen_7b,contradictory,2000,0.122,0.021,0.949,0.6986695865857042,72.59,0.5606957375600956,0.9835,0.9291083333333333
qwen_7b,missing,2000,0.34,0.4155,0.6545,0.23454433977427483,50.495,0.7196254215216817,0.5809166666666666,0.0
qwen_7b,noisy,2000,0.2145,0.0225,0.0,0.6710917027812326,85.5175,0.6036366648078643,0.969,0.9220166666666667
qwen_7b,partial,2000,0.318,0.4185,0.9,0.48891590063494883,76.76,0.7722122426140947,0.911,0.0
qwen_7b,stale,2000,0.1635,0.0255,0.972,0.7258661678580606,85.855,0.5852497118912225,0.9805,0.9379166666666666
