model_tag,domain,n,silent_failure_rate,citation_valid_wrong_rate,abstention_failure_rate,avg_correctness,avg_confidence,avg_danger_score,avg_citation_appearance,avg_citation_support
mistral_7b,finance,3000,0.413,0.20866666666666667,0.609,0.29373883093364295,73.08333333333333,0.7454615097588166,0.8826666666666667,0.5925833333333334
mistral_7b,general,3000,0.23666666666666666,0.104,0.624,0.604914108478974,79.87,0.6219550620323592,0.8824444444444445,0.622
mistral_7b,legal,3000,0.181,0.15266666666666667,0.44366666666666665,0.44806773264433264,59.54666666666667,0.6168636096612126,0.6145,0.42219444444444443
mistral_7b,medical,3000,0.10933333333333334,0.11766666666666667,0.4796666666666667,0.385,33.60886666666667,0.5795689416666666,0.6561388888888889,0.44705
qwen_3b,finance,3000,0.4086666666666667,0.2906666666666667,0.655,0.35381032751661573,77.33166666666666,0.7699211562364809,0.999,0.5258555555555555
qwen_3b,general,3000,0.4523333333333333,0.21066666666666667,0.661,0.48083051948051947,92.126,0.7232851515151515,0.9943333333333333,0.5812611111111111
qwen_3b,legal,3000,0.31433333333333335,0.324,0.647,0.5464032599488958,82.095,0.7042368736217791,0.9735,0.5697722222222222
qwen_3b,medical,3000,0.4593333333333333,0.238,0.661,0.498,85.00366666666666,0.72568825,0.9976666666666667,0.62185
qwen_7b,finance,3000,0.263,0.13666666666666666,0.557,0.5275650990965229,81.255,0.6813942274300671,0.8881111111111112,0.5638888888888889
qwen_7b,general,3000,0.157,0.08933333333333333,0.6036666666666667,0.6834804815974508,77.35166666666667,0.5878743314408923,0.9033333333333333,0.6321333333333333
qwen_7b,legal,3000,0.2733333333333333,0.2826666666666667,0.652,0.7214175658277034,92.315,0.6593732612106402,0.9751666666666666,0.62665
qwen_7b,medical,3000,0.222,0.10866666666666666,0.5043333333333333,0.398,54.505,0.636683625,0.829,0.6478222222222222
