model,dataset,n,wrong_answer,correctness_missing,abstained,confident_nonabstain,zero_citation_v,invalid_citation_id,sf_certain,sf_indeterminate
qwen25_3b,hotpotqa,250,64,0,1,249,0,1,63,0
qwen25_3b,fever,250,21,31,2,245,0,0,19,31
qwen25_3b,pubmedqa,500,191,15,5,489,0,2,182,15
qwen25_3b,cuad,250,56,4,0,246,0,0,56,4
qwen25_3b,casehold,250,168,37,37,213,1,0,168,0
qwen25_3b,finqa,250,221,24,32,211,0,0,204,7
qwen25_3b,tatqa,250,152,1,2,248,0,0,151,0
qwen25_7b,hotpotqa,250,65,0,18,232,7,1,49,0
qwen25_7b,fever,250,16,3,3,246,1,1,15,1
qwen25_7b,pubmedqa,500,200,11,32,463,2,7,177,5
qwen25_7b,cuad,250,16,13,14,235,0,0,14,1
qwen25_7b,casehold,250,220,12,21,229,1,0,213,0
qwen25_7b,finqa,250,230,0,83,167,26,0,147,0
qwen25_7b,tatqa,250,127,1,19,231,0,0,109,0
mistral_7b,hotpotqa,250,68,3,2,244,3,4,65,3
mistral_7b,fever,250,15,20,5,238,1,1,14,15
mistral_7b,pubmedqa,500,176,28,4,453,21,68,150,28
mistral_7b,cuad,250,57,51,3,195,1,1,52,51
mistral_7b,casehold,250,120,53,1,195,14,4,107,53
mistral_7b,finqa,250,235,6,48,193,0,0,184,6
mistral_7b,tatqa,250,151,2,5,242,6,7,140,2
phi35_mini,hotpotqa,250,87,1,1,248,0,1,86,1
phi35_mini,fever,250,11,8,93,157,0,0,9,8
phi35_mini,pubmedqa,500,189,11,20,480,0,5,178,11
phi35_mini,cuad,250,11,7,0,243,0,0,11,7
phi35_mini,casehold,250,127,1,0,248,62,62,96,1
phi35_mini,finqa,250,244,0,51,199,1,1,192,0
phi35_mini,tatqa,250,164,0,3,247,8,8,156,0
granite33_8b,hotpotqa,250,70,0,2,248,9,41,68,0
granite33_8b,fever,250,12,5,6,244,0,0,12,1
granite33_8b,pubmedqa,500,262,4,2,498,1,16,260,4
granite33_8b,cuad,250,6,2,0,248,0,0,6,2
granite33_8b,casehold,250,215,2,0,246,1,0,213,2
granite33_8b,finqa,250,242,1,47,202,2,0,195,1
granite33_8b,tatqa,250,169,1,8,241,2,1,160,1
falcon3_7b,hotpotqa,250,54,5,0,245,0,0,54,5
falcon3_7b,fever,250,17,5,2,244,0,0,14,5
falcon3_7b,pubmedqa,500,167,43,4,466,0,112,163,43
falcon3_7b,cuad,250,11,10,1,239,0,0,10,10
falcon3_7b,casehold,250,122,2,0,236,1,0,110,2
falcon3_7b,finqa,250,235,2,35,213,0,0,200,2
falcon3_7b,tatqa,250,135,2,1,247,0,0,134,2
