group,model,condition,estimate,ci_low,ci_high
model,qwen25_3b,ALL,0.5578219680805667,0.5447090269775747,0.5710615939389525
model_condition,qwen25_3b,clean,0.43386515697375194,0.4123938299422897,0.4567915590008613
model_condition,qwen25_3b,missing,0.6126582278481013,0.5904707581826198,0.6332328536488079
model_condition,qwen25_3b,partial,0.5298391281785159,0.5083242295851825,0.551190065182752
model_condition,qwen25_3b,noisy,0.4591520165460186,0.43720354893410857,0.481175863847344
model_condition,qwen25_3b,stale,0.8719112455874937,0.8563471826071742,0.8862544753132082
model_condition,qwen25_3b,contradictory,0.4322250639386189,0.4105688452450901,0.45329368708186357
model,qwen25_7b,ALL,0.42152503984565054,0.409369606833983,0.4350453172205438
model_condition,qwen25_7b,clean,0.3632714500752634,0.3420141586732027,0.3845381526104418
model_condition,qwen25_7b,missing,0.3123123123123123,0.29064532266133064,0.3316699828893426
model_condition,qwen25_7b,partial,0.36524822695035464,0.3441256065696155,0.38749227652608964
model_condition,qwen25_7b,noisy,0.32272727272727275,0.3031365039880492,0.3443073136427567
model_condition,qwen25_7b,stale,0.8050125313283208,0.787962714748815,0.8224696269258904
model_condition,qwen25_7b,contradictory,0.358909641595154,0.3382202396477354,0.3805710380338137
model,mistral_7b,ALL,0.40315001740341105,0.39074178638290974,0.41609170746506363
model_condition,mistral_7b,clean,0.38653637350705755,0.3653313651073976,0.41007652378147214
model_condition,mistral_7b,missing,0.34302023871302545,0.32116513841354455,0.36406363459543567
model_condition,mistral_7b,partial,0.4199157007376185,0.3985389994745018,0.44134784004639366
model_condition,mistral_7b,noisy,0.3090260071392147,0.2888436067244014,0.3304523772772572
model_condition,mistral_7b,stale,0.6724225495175216,0.6514459665144596,0.6926237792656403
model_condition,mistral_7b,contradictory,0.2812664907651715,0.26257264121298934,0.30059019546804455
model,phi35_mini,ALL,0.3956919945725916,0.3829499617417182,0.40934534052088484
model_condition,phi35_mini,clean,0.3691683569979716,0.34916482480806743,0.391260162601626
model_condition,phi35_mini,missing,0.3837150127226463,0.3614627767038213,0.4033502972857676
model_condition,phi35_mini,partial,0.38465447154471544,0.3626193570459408,0.40660458041705
model_condition,phi35_mini,noisy,0.4022633744855967,0.3816872427983539,0.4249128691871452
model_condition,phi35_mini,stale,0.46181262729124234,0.44015211434923707,0.48237366197003995
model_condition,phi35_mini,contradictory,0.3729156139464376,0.35210410589357516,0.3948759555001709
model,granite33_8b,ALL,0.5347017750483721,0.5206998955273873,0.5474551905799544
model_condition,granite33_8b,clean,0.45952740070387127,0.43906952741589317,0.48036253776435045
model_condition,granite33_8b,missing,0.47788944723618093,0.45742604873573933,0.49899198619134155
model_condition,granite33_8b,partial,0.4813508064516129,0.459824426641021,0.5035615569685864
model_condition,granite33_8b,noisy,0.49570923775870773,0.47346479541760783,0.5186501354268491
model_condition,granite33_8b,stale,0.8442415017757483,0.828353669467426,0.8590348714404418
model_condition,granite33_8b,contradictory,0.4513184584178499,0.42951280316938834,0.47190021978621965
model,falcon3_7b,ALL,0.43699431915992426,0.425713425474362,0.4484895779736093
model_condition,falcon3_7b,clean,0.354738477472812,0.33453209616615304,0.37551773491972107
model_condition,falcon3_7b,missing,0.4257475924987329,0.4045418722372279,0.44661180847151966
model_condition,falcon3_7b,partial,0.46875,0.4471615058991227,0.49000065587079583
model_condition,falcon3_7b,noisy,0.2881619937694704,0.26936727469098765,0.310453309098096
model_condition,falcon3_7b,stale,0.7695516162669447,0.7515559557101977,0.7868421956328707
model_condition,falcon3_7b,contradictory,0.3159541188738269,0.295560461116711,0.3376552131837809
condition_all_models,ALL,clean,0.3946872322193659,0.37862978755699506,0.41115113153164273
condition_all_models,ALL,missing,0.4261075414271221,0.41028423228556526,0.44067664036656745
condition_all_models,ALL,partial,0.4414252755703666,0.42755462288207247,0.45587915823624725
condition_all_models,ALL,noisy,0.37966911137642845,0.3661844537652416,0.39422113903063355
condition_all_models,ALL,stale,0.7377966101694915,0.7268873230038971,0.7482443120107034
condition_all_models,ALL,contradictory,0.36948717948717946,0.35382481222857,0.38557150955716846
