comparison,model,condition,n_paired_bases,estimate,ci_low,ci_high,n_paired_outputs
condition_minus_clean,qwen25_3b,missing,1919,0.18238665971860343,0.15028698941271196,0.21170512169142752,
condition_minus_clean,qwen25_3b,partial,1890,0.091005291005291,0.06609717395934296,0.1156899287014512,
condition_minus_clean,qwen25_3b,noisy,1910,0.0193717277486911,0.003642093668407311,0.035346724595158835,
condition_minus_clean,qwen25_3b,stale,1926,0.43509865005192105,0.4104819372414023,0.46017824818986325,
condition_minus_clean,qwen25_3b,contradictory,1920,-0.005729166666666666,-0.0258946632350068,0.016112685265911073,
condition_minus_clean,qwen25_7b,missing,1991,-0.050226017076845805,-0.07931926197251317,-0.020549903099554827,
condition_minus_clean,qwen25_7b,partial,1970,0.004568527918781726,-0.018791264601320468,0.027478943358228078,
condition_minus_clean,qwen25_7b,noisy,1977,-0.041476985331310064,-0.05951380539885118,-0.023302643222653997,
condition_minus_clean,qwen25_7b,stale,1988,0.44064386317907445,0.4164864185110664,0.4655046340254475,
condition_minus_clean,qwen25_7b,contradictory,1978,-0.004044489383215369,-0.021299256666501756,0.013650843165396873,
condition_minus_clean,mistral_7b,missing,1787,-0.05595970900951315,-0.08973056055919111,-0.027608581628287592,
condition_minus_clean,mistral_7b,partial,1768,0.0333710407239819,0.008682729017819885,0.0567426816351792,
condition_minus_clean,mistral_7b,noisy,1818,-0.0814081408140814,-0.10193992382271469,-0.06070471356809144,
condition_minus_clean,mistral_7b,stale,1817,0.2817831590533847,0.2510959934226358,0.3096997716532696,
condition_minus_clean,mistral_7b,contradictory,1765,-0.09518413597733712,-0.11473774170479821,-0.07618280226323286,
condition_minus_clean,phi35_mini,missing,1938,0.014963880288957688,-0.012410479431187699,0.0434636067797477,
condition_minus_clean,phi35_mini,partial,1948,0.012320328542094456,-0.012314323413452911,0.03648603603889375,
condition_minus_clean,phi35_mini,noisy,1924,0.028586278586278588,0.004157627332148306,0.05260553799530761,
condition_minus_clean,phi35_mini,stale,1936,0.09400826446280992,0.06320345555436283,0.1222800734692568,
condition_minus_clean,phi35_mini,contradictory,1959,0.005104645227156712,-0.015745638218495814,0.028155087333882542,
condition_minus_clean,granite33_8b,missing,1979,0.01616978271854472,-0.013158061292471684,0.04394922143347835,
condition_minus_clean,granite33_8b,partial,1973,0.017232640648758235,-0.009101489733970933,0.04235533847685415,
condition_minus_clean,granite33_8b,noisy,1974,0.036980749746707196,0.01823131878840627,0.05608964271463102,
condition_minus_clean,granite33_8b,stale,1960,0.3826530612244898,0.35822448897223186,0.40839484064122444,
condition_minus_clean,granite33_8b,contradictory,1964,-0.010692464358452138,-0.028385699310993426,0.007106869953212782,
condition_minus_clean,falcon3_7b,missing,1904,0.07195378151260504,0.04225147935583984,0.10285217607173665,
condition_minus_clean,falcon3_7b,partial,1888,0.10858050847457627,0.08533756329701579,0.13166621098513756,
condition_minus_clean,falcon3_7b,noisy,1873,-0.06780565936999466,-0.08900886922031657,-0.04351977282718713,
condition_minus_clean,falcon3_7b,stale,1854,0.4034519956850054,0.3749271219452742,0.43066694508728104,
condition_minus_clean,falcon3_7b,contradictory,1862,-0.03490870032223416,-0.053565459674129845,-0.015598738707644288,
model_minus_qwen25_7b,qwen25_3b,ALL,2000,0.13372791216332133,0.1221329805589747,0.14599546561507448,11658
model_minus_qwen25_7b,mistral_7b,ALL,2000,-0.014447071184659837,-0.026295020223809418,-0.0027961257239916904,11421
model_minus_qwen25_7b,phi35_mini,ALL,2000,-0.026111442955883607,-0.040051494843093505,-0.01246778135523257,11719
model_minus_qwen25_7b,granite33_8b,ALL,2000,0.11192955719244772,0.10099125788289116,0.12325641274635628,11811
model_minus_qwen25_7b,falcon3_7b,ALL,2000,0.015148891966759002,0.0033924048119792706,0.026854449069872423,11552
