model,condition,dataset,n,n_determinate,n_indeterminate,sf_count,sf_rate_observed,sf_lower_bound,sf_upper_bound
qwen25_3b,clean,hotpotqa,250,250,0,63,0.252,0.252,0.252
qwen25_3b,clean,fever,250,219,31,19,0.0867579908675799,0.076,0.2
qwen25_3b,clean,pubmedqa,500,485,15,182,0.3752577319587629,0.364,0.394
qwen25_3b,clean,cuad,250,246,4,56,0.22764227642276422,0.224,0.24
qwen25_3b,clean,casehold,250,250,0,168,0.672,0.672,0.672
qwen25_3b,clean,finqa,250,243,7,204,0.8395061728395061,0.816,0.844
qwen25_3b,clean,tatqa,250,250,0,151,0.604,0.604,0.604
qwen25_3b,missing,hotpotqa,250,249,1,191,0.7670682730923695,0.764,0.768
qwen25_3b,missing,fever,250,247,3,50,0.20242914979757085,0.2,0.212
qwen25_3b,missing,pubmedqa,500,499,1,272,0.5450901803607214,0.544,0.546
qwen25_3b,missing,cuad,250,234,16,230,0.9829059829059829,0.92,0.984
qwen25_3b,missing,casehold,250,250,0,118,0.472,0.472,0.472
qwen25_3b,missing,finqa,250,247,3,144,0.582995951417004,0.576,0.588
qwen25_3b,missing,tatqa,250,249,1,205,0.8232931726907631,0.82,0.824
qwen25_3b,partial,hotpotqa,250,249,1,145,0.5823293172690763,0.58,0.584
qwen25_3b,partial,fever,250,205,45,36,0.17560975609756097,0.144,0.324
qwen25_3b,partial,pubmedqa,500,476,24,218,0.4579831932773109,0.436,0.484
qwen25_3b,partial,cuad,250,249,1,133,0.5341365461847389,0.532,0.536
qwen25_3b,partial,casehold,250,250,0,167,0.668,0.668,0.668
qwen25_3b,partial,finqa,250,248,2,159,0.6411290322580645,0.636,0.644
qwen25_3b,partial,tatqa,250,250,0,163,0.652,0.652,0.652
qwen25_3b,noisy,hotpotqa,250,250,0,79,0.316,0.316,0.316
qwen25_3b,noisy,fever,250,213,37,25,0.11737089201877934,0.1,0.248
qwen25_3b,noisy,pubmedqa,500,477,23,194,0.40670859538784065,0.388,0.434
qwen25_3b,noisy,cuad,250,246,4,50,0.2032520325203252,0.2,0.216
qwen25_3b,noisy,casehold,250,250,0,177,0.708,0.708,0.708
qwen25_3b,noisy,finqa,250,249,1,214,0.8594377510040161,0.856,0.86
qwen25_3b,noisy,tatqa,250,249,1,149,0.5983935742971888,0.596,0.6
qwen25_3b,stale,hotpotqa,250,248,2,191,0.7701612903225806,0.764,0.772
qwen25_3b,stale,fever,250,248,2,128,0.5161290322580645,0.512,0.52
qwen25_3b,stale,pubmedqa,500,500,0,492,0.984,0.984,0.984
qwen25_3b,stale,cuad,250,237,13,225,0.9493670886075949,0.9,0.952
qwen25_3b,stale,casehold,250,250,0,235,0.94,0.94,0.94
qwen25_3b,stale,finqa,250,250,0,238,0.952,0.952,0.952
qwen25_3b,stale,tatqa,250,250,0,220,0.88,0.88,0.88
qwen25_3b,contradictory,hotpotqa,250,250,0,68,0.272,0.272,0.272
qwen25_3b,contradictory,fever,250,224,26,37,0.16517857142857142,0.148,0.252
qwen25_3b,contradictory,pubmedqa,500,493,7,214,0.4340770791075051,0.428,0.442
qwen25_3b,contradictory,cuad,250,244,6,48,0.19672131147540983,0.192,0.216
qwen25_3b,contradictory,casehold,250,250,0,181,0.724,0.724,0.724
qwen25_3b,contradictory,finqa,250,245,5,184,0.7510204081632653,0.736,0.756
qwen25_3b,contradictory,tatqa,250,249,1,113,0.4538152610441767,0.452,0.456
qwen25_7b,clean,hotpotqa,250,250,0,49,0.196,0.196,0.196
qwen25_7b,clean,fever,250,249,1,15,0.060240963855421686,0.06,0.064
qwen25_7b,clean,pubmedqa,500,495,5,177,0.3575757575757576,0.354,0.364
qwen25_7b,clean,cuad,250,249,1,14,0.05622489959839357,0.056,0.06
qwen25_7b,clean,casehold,250,250,0,213,0.852,0.852,0.852
qwen25_7b,clean,finqa,250,250,0,147,0.588,0.588,0.588
qwen25_7b,clean,tatqa,250,250,0,109,0.436,0.436,0.436
qwen25_7b,missing,hotpotqa,250,250,0,46,0.184,0.184,0.184
qwen25_7b,missing,fever,250,250,0,5,0.02,0.02,0.02
qwen25_7b,missing,pubmedqa,500,500,0,20,0.04,0.04,0.04
qwen25_7b,missing,cuad,250,248,2,229,0.9233870967741935,0.916,0.924
qwen25_7b,missing,casehold,250,250,0,194,0.776,0.776,0.776
qwen25_7b,missing,finqa,250,250,0,31,0.124,0.124,0.124
qwen25_7b,missing,tatqa,250,250,0,99,0.396,0.396,0.396
qwen25_7b,partial,hotpotqa,250,250,0,80,0.32,0.32,0.32
qwen25_7b,partial,fever,250,250,0,20,0.08,0.08,0.08
qwen25_7b,partial,pubmedqa,500,476,24,200,0.42016806722689076,0.4,0.448
qwen25_7b,partial,cuad,250,249,1,55,0.22088353413654618,0.22,0.224
qwen25_7b,partial,casehold,250,249,1,186,0.7469879518072289,0.744,0.748
qwen25_7b,partial,finqa,250,250,0,90,0.36,0.36,0.36
qwen25_7b,partial,tatqa,250,250,0,90,0.36,0.36,0.36
qwen25_7b,noisy,hotpotqa,250,250,0,52,0.208,0.208,0.208
qwen25_7b,noisy,fever,250,245,5,12,0.04897959183673469,0.048,0.068
qwen25_7b,noisy,pubmedqa,500,487,13,172,0.3531827515400411,0.344,0.37
qwen25_7b,noisy,cuad,250,249,1,43,0.17269076305220885,0.172,0.176
qwen25_7b,noisy,casehold,250,249,1,179,0.7188755020080321,0.716,0.72
qwen25_7b,noisy,finqa,250,250,0,88,0.352,0.352,0.352
qwen25_7b,noisy,tatqa,250,250,0,93,0.372,0.372,0.372
qwen25_7b,stale,hotpotqa,250,250,0,123,0.492,0.492,0.492
qwen25_7b,stale,fever,250,249,1,93,0.37349397590361444,0.372,0.376
qwen25_7b,stale,pubmedqa,500,500,0,489,0.978,0.978,0.978
qwen25_7b,stale,cuad,250,246,4,223,0.9065040650406504,0.892,0.908
qwen25_7b,stale,casehold,250,250,0,227,0.908,0.908,0.908
qwen25_7b,stale,finqa,250,250,0,230,0.92,0.92,0.92
qwen25_7b,stale,tatqa,250,250,0,221,0.884,0.884,0.884
qwen25_7b,contradictory,hotpotqa,250,250,0,39,0.156,0.156,0.156
qwen25_7b,contradictory,fever,250,243,7,18,0.07407407407407407,0.072,0.1
qwen25_7b,contradictory,pubmedqa,500,491,9,169,0.34419551934826886,0.338,0.356
qwen25_7b,contradictory,cuad,250,248,2,17,0.06854838709677419,0.068,0.076
qwen25_7b,contradictory,casehold,250,250,0,185,0.74,0.74,0.74
qwen25_7b,contradictory,finqa,250,249,1,187,0.751004016064257,0.748,0.752
qwen25_7b,contradictory,tatqa,250,250,0,96,0.384,0.384,0.384
mistral_7b,clean,hotpotqa,250,247,3,65,0.2631578947368421,0.26,0.272
mistral_7b,clean,fever,250,235,15,14,0.059574468085106386,0.056,0.116
mistral_7b,clean,pubmedqa,500,472,28,150,0.3177966101694915,0.3,0.356
mistral_7b,clean,cuad,250,199,51,52,0.2613065326633166,0.208,0.412
mistral_7b,clean,casehold,250,197,53,107,0.5431472081218274,0.428,0.64
mistral_7b,clean,finqa,250,244,6,184,0.7540983606557377,0.736,0.76
mistral_7b,clean,tatqa,250,248,2,140,0.5645161290322581,0.56,0.568
mistral_7b,missing,hotpotqa,250,249,1,117,0.46987951807228917,0.468,0.472
mistral_7b,missing,fever,250,249,1,9,0.03614457831325301,0.036,0.04
mistral_7b,missing,pubmedqa,500,499,1,58,0.11623246492985972,0.116,0.118
mistral_7b,missing,cuad,250,236,14,223,0.9449152542372882,0.892,0.948
mistral_7b,missing,casehold,250,194,56,87,0.4484536082474227,0.348,0.572
mistral_7b,missing,finqa,250,250,0,40,0.16,0.16,0.16
mistral_7b,missing,tatqa,250,250,0,127,0.508,0.508,0.508
mistral_7b,partial,hotpotqa,250,249,1,117,0.46987951807228917,0.468,0.472
mistral_7b,partial,fever,250,236,14,34,0.1440677966101695,0.136,0.192
mistral_7b,partial,pubmedqa,500,492,8,139,0.28252032520325204,0.278,0.294
mistral_7b,partial,cuad,250,242,8,98,0.4049586776859504,0.392,0.424
mistral_7b,partial,casehold,250,186,64,107,0.5752688172043011,0.428,0.684
mistral_7b,partial,finqa,250,246,4,155,0.6300813008130082,0.62,0.636
mistral_7b,partial,tatqa,250,247,3,147,0.5951417004048583,0.588,0.6
mistral_7b,noisy,hotpotqa,250,250,0,69,0.276,0.276,0.276
mistral_7b,noisy,fever,250,234,16,11,0.04700854700854701,0.044,0.108
mistral_7b,noisy,pubmedqa,500,497,3,130,0.26156941649899396,0.26,0.266
mistral_7b,noisy,cuad,250,242,8,42,0.17355371900826447,0.168,0.2
mistral_7b,noisy,casehold,250,239,11,119,0.497907949790795,0.476,0.52
mistral_7b,noisy,finqa,250,250,0,124,0.496,0.496,0.496
mistral_7b,noisy,tatqa,250,249,1,111,0.4457831325301205,0.444,0.448
mistral_7b,stale,hotpotqa,250,248,2,129,0.5201612903225806,0.516,0.524
mistral_7b,stale,fever,250,246,4,120,0.4878048780487805,0.48,0.496
mistral_7b,stale,pubmedqa,500,500,0,411,0.822,0.822,0.822
mistral_7b,stale,cuad,250,233,17,201,0.8626609442060086,0.804,0.872
mistral_7b,stale,casehold,250,243,7,120,0.49382716049382713,0.48,0.508
mistral_7b,stale,finqa,250,250,0,200,0.8,0.8,0.8
mistral_7b,stale,tatqa,250,249,1,143,0.5742971887550201,0.572,0.576
mistral_7b,contradictory,hotpotqa,250,241,9,55,0.22821576763485477,0.22,0.256
mistral_7b,contradictory,fever,250,232,18,22,0.09482758620689655,0.088,0.16
mistral_7b,contradictory,pubmedqa,500,484,16,105,0.21694214876033058,0.21,0.242
mistral_7b,contradictory,cuad,250,221,29,30,0.13574660633484162,0.12,0.236
mistral_7b,contradictory,casehold,250,225,25,64,0.28444444444444444,0.256,0.356
mistral_7b,contradictory,finqa,250,243,7,132,0.5432098765432098,0.528,0.556
mistral_7b,contradictory,tatqa,250,249,1,125,0.5020080321285141,0.5,0.504
phi35_mini,clean,hotpotqa,250,249,1,86,0.3453815261044177,0.344,0.348
phi35_mini,clean,fever,250,242,8,9,0.0371900826446281,0.036,0.068
phi35_mini,clean,pubmedqa,500,489,11,178,0.36400817995910023,0.356,0.378
phi35_mini,clean,cuad,250,243,7,11,0.04526748971193416,0.044,0.072
phi35_mini,clean,casehold,250,249,1,96,0.3855421686746988,0.384,0.388
phi35_mini,clean,finqa,250,250,0,192,0.768,0.768,0.768
phi35_mini,clean,tatqa,250,250,0,156,0.624,0.624,0.624
phi35_mini,missing,hotpotqa,250,247,3,148,0.5991902834008097,0.592,0.604
phi35_mini,missing,fever,250,241,9,9,0.03734439834024896,0.036,0.072
phi35_mini,missing,pubmedqa,500,498,2,78,0.1566265060240964,0.156,0.16
phi35_mini,missing,cuad,250,244,6,208,0.8524590163934426,0.832,0.856
phi35_mini,missing,casehold,250,249,1,115,0.46184738955823296,0.46,0.464
phi35_mini,missing,finqa,250,250,0,52,0.208,0.208,0.208
phi35_mini,missing,tatqa,250,236,14,144,0.6101694915254238,0.576,0.632
phi35_mini,partial,hotpotqa,250,249,1,140,0.5622489959839357,0.56,0.564
phi35_mini,partial,fever,250,229,21,8,0.034934497816593885,0.032,0.116
phi35_mini,partial,pubmedqa,500,492,8,162,0.32926829268292684,0.324,0.34
phi35_mini,partial,cuad,250,249,1,83,0.3333333333333333,0.332,0.336
phi35_mini,partial,casehold,250,250,0,65,0.26,0.26,0.26
phi35_mini,partial,finqa,250,249,1,148,0.5943775100401606,0.592,0.596
phi35_mini,partial,tatqa,250,250,0,151,0.604,0.604,0.604
phi35_mini,noisy,hotpotqa,250,248,2,103,0.4153225806451613,0.412,0.42
phi35_mini,noisy,fever,250,239,11,10,0.04184100418410042,0.04,0.084
phi35_mini,noisy,pubmedqa,500,495,5,185,0.37373737373737376,0.37,0.38
phi35_mini,noisy,cuad,250,224,26,109,0.48660714285714285,0.436,0.54
phi35_mini,noisy,casehold,250,245,5,96,0.39183673469387753,0.384,0.404
phi35_mini,noisy,finqa,250,250,0,135,0.54,0.54,0.54
phi35_mini,noisy,tatqa,250,243,7,144,0.5925925925925926,0.576,0.604
phi35_mini,stale,hotpotqa,250,249,1,136,0.5461847389558233,0.544,0.548
phi35_mini,stale,fever,250,244,6,14,0.05737704918032787,0.056,0.08
phi35_mini,stale,pubmedqa,500,499,1,81,0.1623246492985972,0.162,0.164
phi35_mini,stale,cuad,250,241,9,191,0.7925311203319502,0.764,0.8
phi35_mini,stale,casehold,250,247,3,143,0.5789473684210527,0.572,0.584
phi35_mini,stale,finqa,250,250,0,179,0.716,0.716,0.716
phi35_mini,stale,tatqa,250,234,16,163,0.6965811965811965,0.652,0.716
phi35_mini,contradictory,hotpotqa,250,250,0,61,0.244,0.244,0.244
phi35_mini,contradictory,fever,250,241,9,6,0.024896265560165973,0.024,0.06
phi35_mini,contradictory,pubmedqa,500,494,6,146,0.29554655870445345,0.292,0.304
phi35_mini,contradictory,cuad,250,245,5,59,0.24081632653061225,0.236,0.256
phi35_mini,contradictory,casehold,250,250,0,216,0.864,0.864,0.864
phi35_mini,contradictory,finqa,250,250,0,131,0.524,0.524,0.524
phi35_mini,contradictory,tatqa,250,249,1,119,0.4779116465863454,0.476,0.48
granite33_8b,clean,hotpotqa,250,250,0,68,0.272,0.272,0.272
granite33_8b,clean,fever,250,249,1,12,0.04819277108433735,0.048,0.052
granite33_8b,clean,pubmedqa,500,496,4,260,0.5241935483870968,0.52,0.528
granite33_8b,clean,cuad,250,248,2,6,0.024193548387096774,0.024,0.032
granite33_8b,clean,casehold,250,248,2,213,0.8588709677419355,0.852,0.86
granite33_8b,clean,finqa,250,249,1,195,0.7831325301204819,0.78,0.784
granite33_8b,clean,tatqa,250,249,1,160,0.642570281124498,0.64,0.644
granite33_8b,missing,hotpotqa,250,250,0,127,0.508,0.508,0.508
granite33_8b,missing,fever,250,243,7,26,0.10699588477366255,0.104,0.132
granite33_8b,missing,pubmedqa,500,500,0,113,0.226,0.226,0.226
granite33_8b,missing,cuad,250,248,2,237,0.9556451612903226,0.948,0.956
granite33_8b,missing,casehold,250,250,0,245,0.98,0.98,0.98
granite33_8b,missing,finqa,250,249,1,63,0.25301204819277107,0.252,0.256
granite33_8b,missing,tatqa,250,250,0,140,0.56,0.56,0.56
granite33_8b,partial,hotpotqa,250,250,0,114,0.456,0.456,0.456
granite33_8b,partial,fever,250,243,7,18,0.07407407407407407,0.072,0.1
granite33_8b,partial,pubmedqa,500,494,6,215,0.4352226720647773,0.43,0.442
granite33_8b,partial,cuad,250,248,2,99,0.39919354838709675,0.396,0.404
granite33_8b,partial,casehold,250,249,1,237,0.9518072289156626,0.948,0.952
granite33_8b,partial,finqa,250,250,0,123,0.492,0.492,0.492
granite33_8b,partial,tatqa,250,250,0,149,0.596,0.596,0.596
granite33_8b,noisy,hotpotqa,250,249,1,65,0.26104417670682734,0.26,0.264
granite33_8b,noisy,fever,250,243,7,7,0.02880658436213992,0.028,0.056
granite33_8b,noisy,pubmedqa,500,497,3,241,0.48490945674044267,0.482,0.488
granite33_8b,noisy,cuad,250,249,1,107,0.42971887550200805,0.428,0.432
granite33_8b,noisy,casehold,250,247,3,229,0.9271255060728745,0.916,0.928
granite33_8b,noisy,finqa,250,248,2,178,0.717741935483871,0.712,0.72
granite33_8b,noisy,tatqa,250,248,2,155,0.625,0.62,0.628
granite33_8b,stale,hotpotqa,250,249,1,176,0.7068273092369478,0.704,0.708
granite33_8b,stale,fever,250,232,18,133,0.5732758620689655,0.532,0.604
granite33_8b,stale,pubmedqa,500,496,4,439,0.8850806451612904,0.878,0.886
granite33_8b,stale,cuad,250,247,3,231,0.9352226720647774,0.924,0.936
granite33_8b,stale,casehold,250,249,1,239,0.9598393574297188,0.956,0.96
granite33_8b,stale,finqa,250,249,1,237,0.9518072289156626,0.948,0.952
granite33_8b,stale,tatqa,250,249,1,209,0.8393574297188755,0.836,0.84
granite33_8b,contradictory,hotpotqa,250,250,0,52,0.208,0.208,0.208
granite33_8b,contradictory,fever,250,237,13,30,0.12658227848101267,0.12,0.172
granite33_8b,contradictory,pubmedqa,500,497,3,220,0.4426559356136821,0.44,0.446
granite33_8b,contradictory,cuad,250,248,2,20,0.08064516129032258,0.08,0.088
granite33_8b,contradictory,casehold,250,243,7,204,0.8395061728395061,0.816,0.844
granite33_8b,contradictory,finqa,250,248,2,214,0.8629032258064516,0.856,0.864
granite33_8b,contradictory,tatqa,250,249,1,150,0.6024096385542169,0.6,0.604
falcon3_7b,clean,hotpotqa,250,245,5,54,0.22040816326530613,0.216,0.236
falcon3_7b,clean,fever,250,245,5,14,0.05714285714285714,0.056,0.076
falcon3_7b,clean,pubmedqa,500,457,43,163,0.35667396061269147,0.326,0.412
falcon3_7b,clean,cuad,250,240,10,10,0.041666666666666664,0.04,0.08
falcon3_7b,clean,casehold,250,248,2,110,0.4435483870967742,0.44,0.448
falcon3_7b,clean,finqa,250,248,2,200,0.8064516129032258,0.8,0.808
falcon3_7b,clean,tatqa,250,248,2,134,0.5403225806451613,0.536,0.544
falcon3_7b,missing,hotpotqa,250,247,3,157,0.6356275303643725,0.628,0.64
falcon3_7b,missing,fever,250,243,7,38,0.15637860082304528,0.152,0.18
falcon3_7b,missing,pubmedqa,500,494,6,107,0.2165991902834008,0.214,0.226
falcon3_7b,missing,cuad,250,239,11,219,0.9163179916317992,0.876,0.92
falcon3_7b,missing,casehold,250,250,0,170,0.68,0.68,0.68
falcon3_7b,missing,finqa,250,250,0,30,0.12,0.12,0.12
falcon3_7b,missing,tatqa,250,250,0,119,0.476,0.476,0.476
falcon3_7b,partial,hotpotqa,250,250,0,137,0.548,0.548,0.548
falcon3_7b,partial,fever,250,236,14,13,0.05508474576271186,0.052,0.108
falcon3_7b,partial,pubmedqa,500,475,25,258,0.5431578947368421,0.516,0.566
falcon3_7b,partial,cuad,250,246,4,87,0.35365853658536583,0.348,0.364
falcon3_7b,partial,casehold,250,250,0,124,0.496,0.496,0.496
falcon3_7b,partial,finqa,250,249,1,141,0.5662650602409639,0.564,0.568
falcon3_7b,partial,tatqa,250,246,4,155,0.6300813008130082,0.62,0.636
falcon3_7b,noisy,hotpotqa,250,247,3,61,0.24696356275303644,0.244,0.256
falcon3_7b,noisy,fever,250,241,9,16,0.06639004149377593,0.064,0.1
falcon3_7b,noisy,pubmedqa,500,454,46,183,0.40308370044052866,0.366,0.458
falcon3_7b,noisy,cuad,250,240,10,37,0.15416666666666667,0.148,0.188
falcon3_7b,noisy,casehold,250,248,2,122,0.49193548387096775,0.488,0.496
falcon3_7b,noisy,finqa,250,249,1,64,0.2570281124497992,0.256,0.26
falcon3_7b,noisy,tatqa,250,247,3,72,0.291497975708502,0.288,0.3
falcon3_7b,stale,hotpotqa,250,245,5,132,0.5387755102040817,0.528,0.548
falcon3_7b,stale,fever,250,240,10,182,0.7583333333333333,0.728,0.768
falcon3_7b,stale,pubmedqa,500,453,47,438,0.9668874172185431,0.876,0.97
falcon3_7b,stale,cuad,250,232,18,199,0.8577586206896551,0.796,0.868
falcon3_7b,stale,casehold,250,249,1,177,0.7108433734939759,0.708,0.712
falcon3_7b,stale,finqa,250,250,0,185,0.74,0.74,0.74
falcon3_7b,stale,tatqa,250,249,1,163,0.6546184738955824,0.652,0.656
falcon3_7b,contradictory,hotpotqa,250,247,3,51,0.20647773279352227,0.204,0.216
falcon3_7b,contradictory,fever,250,241,9,15,0.06224066390041494,0.06,0.096
falcon3_7b,contradictory,pubmedqa,500,449,51,130,0.289532293986637,0.26,0.362
falcon3_7b,contradictory,cuad,250,238,12,8,0.03361344537815126,0.032,0.08
falcon3_7b,contradictory,casehold,250,247,3,136,0.5506072874493927,0.544,0.556
falcon3_7b,contradictory,finqa,250,249,1,152,0.6104417670682731,0.608,0.612
falcon3_7b,contradictory,tatqa,250,247,3,114,0.46153846153846156,0.456,0.468
