model,condition,n,n_determinate,n_indeterminate,sf_count,sf_rate_observed,sf_lower_bound,sf_upper_bound
qwen25_3b,clean,2000,1943,57,843,0.43386515697375194,0.4215,0.45
qwen25_3b,missing,2000,1975,25,1210,0.6126582278481013,0.605,0.6175
qwen25_3b,partial,2000,1927,73,1021,0.5298391281785159,0.5105,0.547
qwen25_3b,noisy,2000,1934,66,888,0.4591520165460186,0.444,0.477
qwen25_3b,stale,2000,1983,17,1729,0.8719112455874937,0.8645,0.873
qwen25_3b,contradictory,2000,1955,45,845,0.4322250639386189,0.4225,0.445
qwen25_7b,clean,2000,1993,7,724,0.3632714500752634,0.362,0.3655
qwen25_7b,missing,2000,1998,2,624,0.3123123123123123,0.312,0.313
qwen25_7b,partial,2000,1974,26,721,0.36524822695035464,0.3605,0.3735
qwen25_7b,noisy,2000,1980,20,639,0.32272727272727275,0.3195,0.3295
qwen25_7b,stale,2000,1995,5,1606,0.8050125313283208,0.803,0.8055
qwen25_7b,contradictory,2000,1981,19,711,0.358909641595154,0.3555,0.365
mistral_7b,clean,2000,1842,158,712,0.38653637350705755,0.356,0.435
mistral_7b,missing,2000,1927,73,661,0.34302023871302545,0.3305,0.367
mistral_7b,partial,2000,1898,102,797,0.4199157007376185,0.3985,0.4495
mistral_7b,noisy,2000,1961,39,606,0.3090260071392147,0.303,0.3225
mistral_7b,stale,2000,1969,31,1324,0.6724225495175216,0.662,0.6775
mistral_7b,contradictory,2000,1895,105,533,0.2812664907651715,0.2665,0.319
phi35_mini,clean,2000,1972,28,728,0.3691683569979716,0.364,0.378
phi35_mini,missing,2000,1965,35,754,0.3837150127226463,0.377,0.3945
phi35_mini,partial,2000,1968,32,757,0.38465447154471544,0.3785,0.3945
phi35_mini,noisy,2000,1944,56,782,0.4022633744855967,0.391,0.419
phi35_mini,stale,2000,1964,36,907,0.46181262729124234,0.4535,0.4715
phi35_mini,contradictory,2000,1979,21,738,0.3729156139464376,0.369,0.3795
granite33_8b,clean,2000,1989,11,914,0.45952740070387127,0.457,0.4625
granite33_8b,missing,2000,1990,10,951,0.47788944723618093,0.4755,0.4805
granite33_8b,partial,2000,1984,16,955,0.4813508064516129,0.4775,0.4855
granite33_8b,noisy,2000,1981,19,982,0.49570923775870773,0.491,0.5005
granite33_8b,stale,2000,1971,29,1664,0.8442415017757483,0.832,0.8465
granite33_8b,contradictory,2000,1972,28,890,0.4513184584178499,0.445,0.459
falcon3_7b,clean,2000,1931,69,685,0.354738477472812,0.3425,0.377
falcon3_7b,missing,2000,1973,27,840,0.4257475924987329,0.42,0.4335
falcon3_7b,partial,2000,1952,48,915,0.46875,0.4575,0.4815
falcon3_7b,noisy,2000,1926,74,555,0.2881619937694704,0.2775,0.3145
falcon3_7b,stale,2000,1918,82,1476,0.7695516162669447,0.738,0.779
falcon3_7b,contradictory,2000,1918,82,606,0.3159541188738269,0.303,0.344
