group,name,settings,unchanged_rank,mean_abs_rank_change,max_abs_rank_change,reference_rank
model,qwen25_3b,27,27,0.0,0,1
model,qwen25_7b,27,18,0.3333333333333333,1,4
model,mistral_7b,27,27,0.0,0,5
model,phi35_mini,27,27,0.0,0,6
model,granite33_8b,27,27,0.0,0,2
model,falcon3_7b,27,18,0.3333333333333333,1,3
condition,clean,27,27,0.0,0,4
condition,missing,27,18,0.3333333333333333,1,3
condition,partial,27,18,0.3333333333333333,1,2
condition,noisy,27,27,0.0,0,5
condition,stale,27,27,0.0,0,1
condition,contradictory,27,27,0.0,0,6
dataset_condition,hotpotqa|clean,27,15,0.48148148148148145,2,32
dataset_condition,hotpotqa|missing,27,27,0.0,0,20
dataset_condition,hotpotqa|partial,27,6,1.2592592592592593,3,21
dataset_condition,hotpotqa|noisy,27,17,0.4074074074074074,2,30
dataset_condition,hotpotqa|stale,27,9,1.3703703703703705,4,14
dataset_condition,hotpotqa|contradictory,27,8,0.7037037037037037,1,34
dataset_condition,fever|clean,27,18,0.3333333333333333,1,41
dataset_condition,fever|missing,27,18,0.3333333333333333,1,38
dataset_condition,fever|partial,27,18,0.3333333333333333,1,39
dataset_condition,fever|noisy,27,18,0.3333333333333333,1,42
dataset_condition,fever|stale,27,17,0.37037037037037035,1,24
dataset_condition,fever|contradictory,27,18,0.3333333333333333,1,40
dataset_condition,pubmedqa|clean,27,15,0.4444444444444444,1,26
dataset_condition,pubmedqa|missing,27,17,0.7037037037037037,3,35
dataset_condition,pubmedqa|partial,27,13,0.6666666666666666,2,25
dataset_condition,pubmedqa|noisy,27,13,0.5555555555555556,2,27
dataset_condition,pubmedqa|stale,27,24,0.1111111111111111,1,4
dataset_condition,pubmedqa|contradictory,27,9,0.7037037037037037,2,29
dataset_condition,cuad|clean,27,18,1.0,3,37
dataset_condition,cuad|missing,27,27,0.0,0,1
dataset_condition,cuad|partial,27,4,9.037037037037036,20,28
dataset_condition,cuad|noisy,27,9,0.9629629629629629,2,31
dataset_condition,cuad|stale,27,18,0.3333333333333333,1,2
dataset_condition,cuad|contradictory,27,27,0.0,0,36
dataset_condition,casehold|clean,27,14,0.48148148148148145,1,11
dataset_condition,casehold|missing,27,6,1.8888888888888888,7,10
dataset_condition,casehold|partial,27,11,0.7037037037037037,2,13
dataset_condition,casehold|noisy,27,12,0.7777777777777778,2,12
dataset_condition,casehold|stale,27,15,0.7777777777777778,2,5
dataset_condition,casehold|contradictory,27,27,0.0,0,9
dataset_condition,finqa|clean,27,12,0.5555555555555556,1,6
dataset_condition,finqa|missing,27,9,1.0,2,33
dataset_condition,finqa|partial,27,14,0.5925925925925926,2,18
dataset_condition,finqa|noisy,27,18,0.6666666666666666,2,19
dataset_condition,finqa|stale,27,18,0.3333333333333333,1,3
dataset_condition,finqa|contradictory,27,18,0.6666666666666666,2,8
dataset_condition,tatqa|clean,27,18,0.5555555555555556,3,16
dataset_condition,tatqa|missing,27,14,0.48148148148148145,1,17
dataset_condition,tatqa|partial,27,12,0.8888888888888888,2,15
dataset_condition,tatqa|noisy,27,9,0.6666666666666666,1,22
dataset_condition,tatqa|stale,27,12,0.5555555555555556,1,7
dataset_condition,tatqa|contradictory,27,13,0.5185185185185185,1,23
